Ladesäulenregister Bundesnetzagentur;;;;;;;;;;;;;;;;;;;;;;;;;;;;;;;;;;;;;;;;;;;;;;
;;;;;;;;;;;;;;;;;;;;;;;;;;;;;;;;;;;;;;;;;;;;;;
Hinweis: ;;;;;;;;;;;;;;;;;;;;;;;;;;;;;;;;;;;;;;;;;;;;;;
Die Liste beinhaltet die Ladeeinrichtungen aller Betreiberinnen und Betreiber, die das Anzeigeverfahren der Bundesnetzagentur ;;;;;;;;;;;;;;;;;;;;;;;;;;;;;;;;;;;;;;;;;;;;;;
zum Zeitpunkt der Aktualisierung vollständig abgeschlossen haben. ;;;;;;;;;;;;;;;;;;;;;;;;;;;;;;;;;;;;;;;;;;;;;;
Die Zahl der öffentlich zugänglichen Ladeeinrichtungen in Deutschland ist daher größer als hier dargestellt. ;;;;;;;;;;;;;;;;;;;;;;;;;;;;;;;;;;;;;;;;;;;;;;
;;;;;;;;;;;;;;;;;;;;;;;;;;;;;;;;;;;;;;;;;;;;;;
Letzte Aktualisierung vom: 01.09.2026;;;;;;;;;;;;;;;;;;;;;;;;;;;;;;;;;;;;;;;;;;;;;;
;;;;;;;;;;;;;;;;;;;;;;;;;;;;;;;;;;;;;;;;;;;;;;
Allgemeine Informationen;;;;;;;;;;;;;;;;;;;;;;;1. Ladepunkt;;;;2. Ladepunkt;;;;3. Ladepunkt;;;;4. Ladepunkt;;;;5. Ladepunkt;;;;6. Ladepunkt;;;
Ladeeinrichtungs-ID;Betreiber;Anzeigename (Karte);Status;Art der Ladeeinrichtung;Anzahl Ladepunkte;Nennleistung Ladeeinrichtung [kW];Inbetriebnahmedatum;Straße;Hausnummer;Adresszusatz;Postleitzahl;Ort;Kreis/kreisfreie Stadt;Bundesland;Breitengrad;Längengrad;Standortbezeichnung;Informationen zum Parkraum;Bezahlsysteme;Öffnungszeiten;Öffnungszeiten: Wochentage;Öffnungszeiten: Tageszeiten;Steckertypen1;Nennleistung Stecker1;EVSE-ID1;Public Key1;Steckertypen2;Nennleistung Stecker2;EVSE-ID2;Public Key2;Steckertypen3;Nennleistung Stecker3;EVSE-ID3;Public Key3;Steckertypen4;Nennleistung Stecker4;EVSE-ID4;Public Key4;Steckertypen5;Nennleistung Stecker5;EVSE-ID5;Public Key5;Steckertypen6;Nennleistung Stecker6;EVSE-ID6;Public Key6
1010338;Albwerk Elektro- und Kommunikationstechnik GmbH;Albwerk Elektro- und Kommunikationstechnik GmbH;In Betrieb;Normalladeeinrichtung;2;22;11.01.2020;Am Berg;1;;72535;Heroldstatt;Landkreis Alb-Donau-Kreis;Baden-Württemberg;48,442398;9,659075;;Keine Beschränkung;"RFID-Karte;Onlinezahlungsverfahren";247;"Montag; Dienstag; Mittwoch; Donnerstag; Freitag; Samstag; Sonntag";"00:00-23:59; 00:00-23:59; 00:00-23:59; 00:00-23:59; 00:00-23:59; 00:00-23:59; 00:00-23:59";AC Typ 2 Steckdose;22;DEAEWE002501;CA49E2E0941DA7B788E787D6E500C316D6A2084FEB651A270FFC64F51F5A73EC70CAEEEF55A6FA3EA91B766B8A7D32C2;AC Typ 2 Steckdose;22;DEAEWE002502;AC676D2E2A2F799F0E7D0F5207A146E4199501D54C3C12C61F4DCEA8056276434702184508C6649F97302F924E631F34;;;;;;;;;;;;;;;;
1063962;smopi® - Multi Chargepoint Solution GmbH;smopi;In Betrieb;Normalladeeinrichtung;4;22;23.11.2022;Albstraße;15;;72535;Heroldstatt;Landkreis Alb-Donau-Kreis;Baden-Württemberg;48,449424;9,672201;;;"Onlinezahlungsverfahren;RFID-Karte";Keine Angabe;;;AC Typ 2 Steckdose;22;;;AC Typ 2 Steckdose;22;;;AC Typ 2 Steckdose;22;;;AC Typ 2 Steckdose;22;;;;;;;;;;
1063963;smopi® - Multi Chargepoint Solution GmbH;smopi;In Betrieb;Normalladeeinrichtung;4;22;23.11.2022;Albstraße;15;;72535;Heroldstatt;Landkreis Alb-Donau-Kreis;Baden-Württemberg;48,449424;9,672201;;;"Onlinezahlungsverfahren;RFID-Karte";Keine Angabe;;;AC Typ 2 Steckdose;22;;;AC Typ 2 Steckdose;22;;;AC Typ 2 Steckdose;22;;;AC Typ 2 Steckdose;22;;;;;;;;;;
1063964;smopi® - Multi Chargepoint Solution GmbH;smopi;In Betrieb;Normalladeeinrichtung;2;22;23.11.2022;Albstraße;15;;72535;Heroldstatt;Landkreis Alb-Donau-Kreis;Baden-Württemberg;48,449424;9,672201;;;"Onlinezahlungsverfahren;RFID-Karte";Keine Angabe;;;AC Typ 2 Steckdose;22;;;AC Typ 2 Steckdose;22;;;;;;;;;;;;;;;;;;
1120617;Gasthaus & Albhotel zum Bahnhöfle;;In Betrieb;Normalladeeinrichtung;2;22;07.03.2025;Bräunisheimer Str.;22;Parkplatz Albhotel;73340;Amstetten;Landkreis Alb-Donau-Kreis;Baden-Württemberg;48,595016;9,921854;Albhotel Bahnhöfle;Keine Beschränkung;"Kreditkarte (NFC);Debitkarte (NFC);Onlinezahlungsverfahren;RFID-Karte";247;"Montag; Dienstag; Mittwoch; Donnerstag; Freitag; Samstag; Sonntag";"00:00-23:59; 00:00-23:59; 00:00-23:59; 00:00-23:59; 00:00-23:59; 00:00-23:59; 00:00-23:59";AC Typ 2 Steckdose;22;DE CSA 24D 006;G92147*1;AC Typ 2 Steckdose;22;;G92147*2;;;;;;;;;;;;;;;;
1121121;Gasthaus & Albhotel zum Bahnhöfle;;In Betrieb;Normalladeeinrichtung;2;22;07.03.2025;Bräunisheimer Str.;22;Parkplatz Albhotel Bahnhoefle;73340;Amstetten;Landkreis Alb-Donau-Kreis;Baden-Württemberg;48,595016;9,921854;Albhotel Bahnhöfle;Keine Beschränkung;"Kreditkarte (NFC);Debitkarte (NFC)";247;"Montag; Dienstag; Mittwoch; Donnerstag; Freitag; Samstag; Sonntag";"00:00-23:59; 00:00-23:59; 00:00-23:59; 00:00-23:59; 00:00-23:59; 00:00-23:59; 00:00-23:59";AC Typ 2 Steckdose;22;;G92146*1;AC Typ 2 Steckdose;22;;G92146*2;;;;;;;;;;;;;;;;
1158224;EnBW mobility+ AG und Co.KG ;;In Betrieb;Schnellladeeinrichtung;2;100;09.06.2026;Hauptstraße;91;;73340;Amstetten;Landkreis Alb-Donau-Kreis;Baden-Württemberg;48,578533;9,87484;73340 Amstetten, Hauptstraße 91c;Keine Beschränkung;"Onlinezahlungsverfahren;RFID-Karte;Debitkarte (Lesegerät);Debitkarte (NFC);Kreditkarte (Lesegerät);Kreditkarte (NFC);Sonstige";247;"Montag; Dienstag; Mittwoch; Donnerstag; Freitag; Samstag; Sonntag";"00:00-23:59; 00:00-23:59; 00:00-23:59; 00:00-23:59; 00:00-23:59; 00:00-23:59; 00:00-23:59";DC Fahrzeugkupplung Typ Combo 2 (CCS);100;DE*EBW*E912316*1;3056301006072A8648CE3D020106052B8104000A03420004F9488513F8C94A9B8CB07F1F2486D2C367AA76B9F494A10BCA2A07D364F33F9E6705B74A523A78C7E4CDD418FAEE909E27E6EE766CEB7D4D27DE4078D554A475;DC Fahrzeugkupplung Typ Combo 2 (CCS);100;DE*EBW*E912316*2;3056301006072A8648CE3D020106052B8104000A03420004EE031A32371602C9EEF50A5BB7CD1BFF6291F6DA2434F9F63856BBBF5DD0AB36260C0C73738E8AEA4578756EE0F1EC64E3353E9A4187DB578F606E3530F0E418;;;;;;;;;;;;;;;;
1026233;EnBW mobility+ AG und Co.KG ;;In Betrieb;Normalladeeinrichtung;2;30;19.11.2020;Parkplatz Burghof;0;;89129;Langenau;Landkreis Alb-Donau-Kreis;Baden-Württemberg;48,500057;10,123939;;;"Onlinezahlungsverfahren;RFID-Karte";Keine Angabe;;;"AC Typ 2 Steckdose; AC Schuko";"22; 22";;;"AC Typ 2 Steckdose; AC Schuko";"22; 22";;;;;;;;;;;;;;;;;;
1009242;Shell Deutschland GmbH;;In Betrieb;Schnellladeeinrichtung;2;300;25.07.2023;Kiesgräble;2;;89129;Langenau;Landkreis Alb-Donau-Kreis;Baden-Württemberg;48,49339;10,10783;;;"Kreditkarte (NFC);Debitkarte (NFC);Onlinezahlungsverfahren;RFID-Karte";Keine Angabe;;;DC Fahrzeugkupplung Typ Combo 2 (CCS);150;;;DC Fahrzeugkupplung Typ Combo 2 (CCS);150;;;;;;;;;;;;;;;;;;
1051143;EnBW Ostwürttemberg DonauRies AG;EnBW ODR AG;In Betrieb;Normalladeeinrichtung;4;44;22.04.2023;Hindenburgstraße;3;Volksbank Alb eG Langenau Besucherparkplatz;89129;Langenau;Landkreis Alb-Donau-Kreis;Baden-Württemberg;48,498966;10,120978;;;"Onlinezahlungsverfahren;RFID-Karte";Keine Angabe;;;AC Typ 2 Fahrzeugkupplung;11;;3059 3013 0607 2A86 48CE 3D02 0106 082A 8648 CE3D 0301 0703 4200 049B 18D3 E937 B068 29BD 19B1 BED2 63AF 3D55 2D46 E5C0 19BD 40C8 FBCC 1B1B F8E4 5300 CB3E 44FB 298F 7640 41C9 52A9 54D0 DFEC 3F6E 9B79 CF5B B223 5507 5198 70DD 36;AC Typ 2 Fahrzeugkupplung;11;;3059 3013 0607 2A86 48CE 3D02 0106 082A 8648 CE3D 0301 0703 4200 04D3 87DA 7FE1 75A9 48AB 45C1 A863 C026 1E2A 0035 9089 AE3B 8445 BFBA B22B 51CC B8FE AA17 9A17 E5C3 AF3E 4E30 4F3B B583 D928 820C 6B59 543C 1682 CD56 5C8A 7CC1 66;AC Typ 2 Fahrzeugkupplung;11;;3059 3013 0607 2A86 48CE 3D02 0106 082A 8648 CE3D 0301 0703 4200 04C1 E79A E128 09FA 8140 49C8 F37A 0A2B 35C8 41B5 4C09 882B B02C 3F54 044C CD94 19DC A743 ACC4 E589 ACE5 CCC8 B85E 857A FC6E 3217 B8D0 E218 39FA EC8A EF40 38DC 45;AC Typ 2 Fahrzeugkupplung;11;;3059 3013 0607 2A86 48CE 3D02 0106 082A 8648 CE3D 0301 0703 4200 0414 31CE 5977 F9A8 C908 AB2F D98B E194 A53E 6F3B 0B31 680E BA8D EB12 9506 65DF A1B1 9EAC B713 A893 DB28 32A8 6442 CB88 39B0 11EB 75B2 E1DB 1411 7EC9 A8B5 D0D5 5F;;;;;;;;
1157322;MVV Energie AG;;In Betrieb;Schnellladeeinrichtung;2;300;11.05.2026;Benzstr.;7;Parkplatzfläche Müller;89129;Langenau;Landkreis Alb-Donau-Kreis;Baden-Württemberg;48,49874;10,133653;MaLIS_Mueller_Langenau;Keine Beschränkung;"Kreditkarte (Lesegerät);Kreditkarte (NFC);Debitkarte (Lesegerät);Debitkarte (NFC);Onlinezahlungsverfahren;RFID-Karte";247;"Montag; Dienstag; Mittwoch; Donnerstag; Freitag; Samstag; Sonntag";"00:00-23:59; 00:00-23:59; 00:00-23:59; 00:00-23:59; 00:00-23:59; 00:00-23:59; 00:00-23:59";DC Fahrzeugkupplung Typ Combo 2 (CCS);300;DE*MVV*E00670*L1;"3059 3013 0607 2a86 48ce 3d02
0106 082a 8648 ce3d 0301 0703
4200 0400 0f39 5d98 ff52 afd8
78b7 f7a9 0cb8 0a5d 264b 76ae
03c4 8076 cadd 071a 179f 74da
3fd6 7e7e fbf3 00de b155 9281
fdde fcee 8e81 b07d 7845 9399
0d2f 18b2 fc92 2e";DC Fahrzeugkupplung Typ Combo 2 (CCS);300;DE*MVV*E00670*R1;"3059 3013 0607 2a86 48ce 3d02
0106 082a 8648 ce3d 0301 0703
4200 04cc ac4c 0091 6f8a 0ed4
80a1 da8e feb0 7fad 0460 0c8f
44fa 1967 1830 beaf 6a4d 0a51
f2aa 6721 9749 a120 8e9d 78c2
832e ee96 1417 81ae 7e58 133d
306c e0c8 e1ba 7a";;;;;;;;;;;;;;;;
1025445;EnBW mobility+ AG und Co.KG ;;In Betrieb;Schnellladeeinrichtung;2;300;08.03.2019;Flurstück;313;;89129;Langenau/Seligweiler;Landkreis Alb-Donau-Kreis;Baden-Württemberg;48,456817;10,029649;;;"Onlinezahlungsverfahren;RFID-Karte";Keine Angabe;;;DC Fahrzeugkupplung Typ Combo 2 (CCS);300;;;DC Fahrzeugkupplung Typ Combo 2 (CCS);300;;;;;;;;;;;;;;;;;;
1025446;EnBW mobility+ AG und Co.KG ;;In Betrieb;Schnellladeeinrichtung;2;300;08.03.2019;Flurstück;313;;89129;Langenau/Seligweiler;Landkreis Alb-Donau-Kreis;Baden-Württemberg;48,456817;10,029649;;;"Onlinezahlungsverfahren;RFID-Karte";Keine Angabe;;;DC Fahrzeugkupplung Typ Combo 2 (CCS);300;;;DC Fahrzeugkupplung Typ Combo 2 (CCS);300;;;;;;;;;;;;;;;;;;
1025447;EnBW mobility+ AG und Co.KG ;;In Betrieb;Schnellladeeinrichtung;2;172;18.12.2019;Flurstück;313;;89129;Langenau/Seligweiler;Landkreis Alb-Donau-Kreis;Baden-Württemberg;48,456817;10,029649;;;"Onlinezahlungsverfahren;RFID-Karte";Keine Angabe;;;"DC Fahrzeugkupplung Typ Combo 2 (CCS); DC CHAdeMO";"150; 150";;;AC Typ 2 Steckdose;22;;;;;;;;;;;;;;;;;;
1025448;EnBW mobility+ AG und Co.KG ;;In Betrieb;Schnellladeeinrichtung;2;172;18.12.2018;Flurstück;313;;89129;Langenau/Seligweiler;Landkreis Alb-Donau-Kreis;Baden-Württemberg;48,456817;10,029649;;;"Onlinezahlungsverfahren;RFID-Karte";Keine Angabe;;;"DC Fahrzeugkupplung Typ Combo 2 (CCS); DC CHAdeMO";"150; 150";;;AC Typ 2 Steckdose;22;;;;;;;;;;;;;;;;;;
1025334;EnBW mobility+ AG und Co.KG ;;In Betrieb;Normalladeeinrichtung;2;30;19.12.2018;Boschstr.;6;;89134;Blaustein;Landkreis Alb-Donau-Kreis;Baden-Württemberg;48,416998;9,918955;;;"Onlinezahlungsverfahren;RFID-Karte";Keine Angabe;;;"AC Typ 2 Steckdose; AC Schuko";"22; 22";;;"AC Typ 2 Steckdose; AC Schuko";"22; 22";;;;;;;;;;;;;;;;;;
1033027;SWU Energie GmbH;;In Betrieb;Normalladeeinrichtung;2;22;01.01.2012;Erhard-Grözinger-Straße;86;;89134;Blaustein;Landkreis Alb-Donau-Kreis;Baden-Württemberg;48,409847;9,940684;;;;Keine Angabe;;;"AC Typ 2 Steckdose; AC Schuko";"11; 11";;;"AC Typ 2 Steckdose; AC Schuko";"11; 11";;;;;;;;;;;;;;;;;;
1025333;EnBW mobility+ AG und Co.KG ;;In Betrieb;Normalladeeinrichtung;2;30;19.12.2018;Äußerer Krautgartenweg;6;;89143;Blaubeuren;Landkreis Alb-Donau-Kreis;Baden-Württemberg;48,408031;9,790154;;;"Onlinezahlungsverfahren;RFID-Karte";Keine Angabe;;;"AC Typ 2 Steckdose; AC Schuko";"22; 22";;;"AC Typ 2 Steckdose; AC Schuko";"22; 22";;;;;;;;;;;;;;;;;;
1132546;Albwerk Elektro- und Kommunikationstechnik GmbH;Albwerk Elektro- und Kommunikationstechnik GmbH;In Betrieb;Normalladeeinrichtung;4;22;14.08.2025;Ennabeurer Gässle;6;;89150;Laichingen;Landkreis Alb-Donau-Kreis;Baden-Württemberg;48,475352;9,626662;;Nur für Kunden/Besucher;"RFID-Karte;Onlinezahlungsverfahren";247;"Montag; Dienstag; Mittwoch; Donnerstag; Freitag; Samstag; Sonntag";"00:00-23:59; 00:00-23:59; 00:00-23:59; 00:00-23:59; 00:00-23:59; 00:00-23:59; 00:00-23:59";AC Typ 2 Steckdose;22;DEAEWE011601;3059 3013 0607 2A86 48CE 3D02 0106 082A 8648 CE3D 0301 0703 4200 043F 669D 5EB4 2935 787D E35C BE3C 9441 2018 F7F9 C9AD A34E 2B25 FD6F 6E47 1662 87B4 4C3E 81A9 33A6 64BB 9437 BB47 F56D E351 8932 894E BBD0 0600 B9CB D77C D28B 71;AC Typ 2 Steckdose;22;DEAEWE011602;"3059 3013 0607 2A86 48CE 3D02 0106 082A 8648 CE3D 0301 0703 4200 041A 3633 AA9A 6CDD C576 32DA D34C CD2A F01E B7E5 9A74 39C7 D8E1 8EFC 5EAA 904A 4EAA 6EBF 2B49 6682 25B1 CAD9 2B81 0792 D44E 47E0 B5F8 DBA1 B75D 1359 251D CBD5 09
";AC Typ 2 Steckdose;22;DEAEWE011603;3059 3013 0607 2A86 48CE 3D02 0106 082A 8648 CE3D 0301 0703 4200 0400 3E70 FB38 BBDD EF63 EA3F AA69 DC24 D804 8DAC D009 1A88 B6A4 923C E1E8 4122 6CA3 A4EC B92D 36A7 A406 5A35 50C9 5A43 EC84 7AC0 10C2 0F0A CA55 1C48 05D2 A186 91;AC Typ 2 Steckdose;22;DEAEWE011604;3059 3013 0607 2A86 48CE 3D02 0106 082A 8648 CE3D 0301 0703 4200 0428 5909 11D1 6638 CF57 0B3E 4357 2F7B 1081 C019 DE40 099E 5876 12F5 7958 3A21 924E DEBE 5369 3C14 69A2 AECF 9EBB B164 950E D9AF 72EC 418E B522 DA78 612C 915A BB;;;;;;;;
1071555;Katrin Schneiderhan;;In Betrieb;Normalladeeinrichtung;1;16,7;15.08.2023;Alte Landstraße;47;;89155;Erbach;Landkreis Alb-Donau-Kreis;Baden-Württemberg;48,304437;9,905832;;;"Onlinezahlungsverfahren;Debitkarte (Lesegerät);RFID-Karte";Keine Angabe;;;AC Typ 2 Steckdose;16,7;;;;;;;;;;;;;;;;;;;;;;
1129682;EnBW mobility+ AG und Co.KG ;;In Betrieb;Normalladeeinrichtung;2;22;11.07.2025;Kirchstr.;63;;89165;Dietenheim;Landkreis Alb-Donau-Kreis;Baden-Württemberg;48,21108;10,068883;;Keine Beschränkung;"Onlinezahlungsverfahren;RFID-Karte";Keine Angabe;;;"AC Typ 2 Steckdose; AC Schuko";"22; 3,7";;;"AC Typ 2 Steckdose; AC Schuko";"22; 3,7";;;;;;;;;;;;;;;;;;
1054589;BP Europa SE;Aral Pulse;In Betrieb;Schnellladeeinrichtung;2;300;17.12.2019;Nellinger Straße;24;;89188;Merklingen;Landkreis Alb-Donau-Kreis;Baden-Württemberg;48,51626;9,759398;;;;Keine Angabe;;;"DC Fahrzeugkupplung Typ Combo 2 (CCS); DC CHAdeMO";"300; 300";;;DC Fahrzeugkupplung Typ Combo 2 (CCS);300;;;;;;;;;;;;;;;;;;
1054590;BP Europa SE;Aral Pulse;In Betrieb;Schnellladeeinrichtung;2;300;17.12.2019;Nellinger Straße;24;;89188;Merklingen;Landkreis Alb-Donau-Kreis;Baden-Württemberg;48,51626;9,759398;;;;Keine Angabe;;;"DC Fahrzeugkupplung Typ Combo 2 (CCS); DC CHAdeMO";"300; 300";;;DC Fahrzeugkupplung Typ Combo 2 (CCS);300;;;;;;;;;;;;;;;;;;
1093656;Hahn Automobile GmbH & Co. KG;;In Betrieb;Schnellladeeinrichtung;1;62,5;13.04.2021;Rudolf-Diesel-Straße;20;;71032;Böblingen;Landkreis Böblingen;Baden-Württemberg;48,675458;9,017369;;;;Keine Angabe;;;"DC Fahrzeugkupplung Typ Combo 2 (CCS); DC CHAdeMO";"62,5; 62,5";;;;;;;;;;;;;;;;;;;;;;
1018460;Mercedes-Benz AG;;In Betrieb;Normalladeeinrichtung;2;44;10.08.2022;Benzstraße;10;;71063;Sindelfingen;Landkreis Böblingen;Baden-Württemberg;48,701786;8,982515;;;"Onlinezahlungsverfahren;RFID-Karte;Sonstige";Keine Angabe;;;AC Typ 2 Fahrzeugkupplung;22;;;AC Typ 2 Fahrzeugkupplung;22;;;;;;;;;;;;;;;;;;
1089480;Lars Hefenbrock;;In Betrieb;Normalladeeinrichtung;1;3,6;17.06.2020;Etzwiesenstrasse;11/3;;71131;Jettingen;Landkreis Böblingen;Baden-Württemberg;48,561584;8,781898;;;"Bargeld;Onlinezahlungsverfahren;Sonstige";Keine Angabe;;;"AC Typ 2 Steckdose; AC Typ 2 Fahrzeugkupplung";"3,6; 3,6";;;;;;;;;;;;;;;;;;;;;;
1077367;Rolf  Wessinger;;In Betrieb;Normalladeeinrichtung;6;22;01.06.2024;Hertichstr.;10;Um das gesamte Haus ;71229;Leonberg;Landkreis Böblingen;Baden-Württemberg;48,786469;9,006141;;Keine Beschränkung;Onlinezahlungsverfahren;247;"Montag; Dienstag; Mittwoch; Donnerstag; Freitag; Samstag; Sonntag";"00:00-23:59; 00:00-23:59; 00:00-23:59; 00:00-23:59; 00:00-23:59; 00:00-23:59; 00:00-23:59";"AC Typ 2 Steckdose; AC Typ 2 Steckdose";"22; 22";;Road ;"AC Typ 2 Steckdose; AC Typ 2 Steckdose";"22; 22";;Road;"AC Typ 2 Steckdose; AC Typ 2 Steckdose";"22; 22";;Road;"AC Typ 2 Steckdose; AC Typ 2 Steckdose";"22; 22";;Road ;"AC Typ 2 Steckdose; AC Typ 2 Steckdose";"22; 22";;Road;"AC Typ 2 Steckdose; AC Typ 2 Steckdose";"22; 22";;Road
1132069;STADTWERK MOBILITY PLUS GmbH & Co. KG;STADTWERK MOBILITY PLUS GmbH & Co. KG;In Betrieb;Normalladeeinrichtung;2;44;18.03.2025;Hauptstr.;21;;88079;Kressbronn am Bodensee;Landkreis Bodenseekreis;Baden-Württemberg;47,596039;9,599324;Volksbank Kressbronn;Keine Beschränkung;"Onlinezahlungsverfahren;RFID-Karte";247;"Montag; Dienstag; Mittwoch; Donnerstag; Freitag; Samstag; Sonntag";"00:00-23:59; 00:00-23:59; 00:00-23:59; 00:00-23:59; 00:00-23:59; 00:00-23:59; 00:00-23:59";AC Typ 2 Steckdose;22;;"0978 ce13 3646 98d1 70d4 7ad3
3545 b8d2 9d7c 17f8 7b31 6cdd
72e8 48ab 4621 10e1 4d91 1aff
4c82 6221 d307 7702 5130 f4ac";AC Typ 2 Steckdose;22;;"c50b 8454 1a34 2580 eb59 5b12
dca2 08a4 0ea0 df7d f354 0293
6cf0 b55f aedc 39fa 4f18 0237
dae8 b4e7 730d 159c 39a8 646c";;;;;;;;;;;;;;;;
1121322;Shell Deutschland GmbH;;In Betrieb;Schnellladeeinrichtung;2;300;28.02.2025;Breisgauallee;2;;79336;Herbolzheim;Landkreis Emmendingen;Baden-Württemberg;48,22677;7,754557;10025554_Herbolzheim;Keine Beschränkung;"Kreditkarte (NFC);Onlinezahlungsverfahren;Debitkarte (NFC);RFID-Karte";Keine Angabe;;;DC Fahrzeugkupplung Typ Combo 2 (CCS);300;;;DC Fahrzeugkupplung Typ Combo 2 (CCS);300;;;;;;;;;;;;;;;;;;
1117446;Stadtwerke Leinfelden-Echterdingen;;In Betrieb;Normalladeeinrichtung;6;132;20.03.2024;In den Gärtlesäckern;45;;70771;Leinfelden-Echterdingen;Landkreis Esslingen;Baden-Württemberg;48,691924;9,17094;Q1 P+R Sanierung S-Bahn Parkhaus Echterdingen;Keine Beschränkung;"Onlinezahlungsverfahren;Kreditkarte (NFC);RFID-Karte";247;"Montag; Dienstag; Mittwoch; Donnerstag; Freitag; Samstag; Sonntag";"00:00-23:59; 00:00-23:59; 00:00-23:59; 00:00-23:59; 00:00-23:59; 00:00-23:59; 00:00-23:59";AC Typ 2 Steckdose;22;;;AC Typ 2 Steckdose;22;;;AC Typ 2 Steckdose;22;;;AC Typ 2 Steckdose;22;;;AC Typ 2 Steckdose;22;;;AC Typ 2 Steckdose;22;;
1117447;Stadtwerke Leinfelden-Echterdingen;;In Betrieb;Normalladeeinrichtung;6;132;20.03.2024;In den Gärtlesäckern;45;;70771;Leinfelden-Echterdingen;Landkreis Esslingen;Baden-Württemberg;48,691924;9,17094;Q1 P+R Sanierung S-Bahn Parkhaus Echterdingen;Keine Beschränkung;"Kreditkarte (NFC);Onlinezahlungsverfahren;RFID-Karte";247;"Montag; Dienstag; Mittwoch; Donnerstag; Freitag; Samstag; Sonntag";"00:00-23:59; 00:00-23:59; 00:00-23:59; 00:00-23:59; 00:00-23:59; 00:00-23:59; 00:00-23:59";AC Typ 2 Steckdose;22;;;AC Typ 2 Steckdose;22;;;AC Typ 2 Steckdose;22;;;AC Typ 2 Steckdose;22;;;AC Typ 2 Steckdose;22;;;AC Typ 2 Steckdose;22;;
1117990;Stadtwerke Leinfelden-Echterdingen;;In Betrieb;Normalladeeinrichtung;6;132;05.02.2025;Bahnhofstr.;61;;70771;Leinfelden-Echterdingen;Landkreis Esslingen;Baden-Württemberg;48,699912;9,140694;TG Filderhalle;Keine Beschränkung;"Kreditkarte (NFC);RFID-Karte;Onlinezahlungsverfahren";247;"Montag; Dienstag; Mittwoch; Donnerstag; Freitag; Samstag; Sonntag";"00:00-23:59; 00:00-23:59; 00:00-23:59; 00:00-23:59; 00:00-23:59; 00:00-23:59; 00:00-23:59";AC Typ 2 Steckdose;22;;;AC Typ 2 Steckdose;22;;;AC Typ 2 Steckdose;22;;;AC Typ 2 Steckdose;22;;;AC Typ 2 Steckdose;22;;;AC Typ 2 Steckdose;22;;
1065920;Team-Emobility GmbH;Team-Emobility GmbH;In Betrieb;Normalladeeinrichtung;4;44;27.09.2023;Geschwister Schollstr.;22;;72160;Horb am Neckar;Landkreis Freudenstadt;Baden-Württemberg;48,45238;8,69698;;;Onlinezahlungsverfahren;Keine Angabe;;;AC Typ 2 Steckdose;11;;;AC Typ 2 Steckdose;11;;;AC Typ 2 Steckdose;11;;;AC Typ 2 Steckdose;11;;;;;;;;;;
1026005;EnBW mobility+ AG und Co.KG ;;In Betrieb;Normalladeeinrichtung;1;11;31.03.2020;Entenstraße;13;;74199;Untergruppenbach;Landkreis Heilbronn;Baden-Württemberg;49,086884;9,276155;;;"Onlinezahlungsverfahren;RFID-Karte";Keine Angabe;;;AC Typ 2 Steckdose;11;;;;;;;;;;;;;;;;;;;;;;
1045014;Energie- und Wasserversorgung Bruchsal GmbH;;In Betrieb;Normalladeeinrichtung;2;44;30.09.2016;Badener Straße;0;(FlSt 638/1);76646;Bruchsal-Heidelsheim;Landkreis Karlsruhe;Baden-Württemberg;49,100332;8,644936;;;;Keine Angabe;;;"AC Typ 2 Steckdose; AC Schuko";"22; 22";;a238 9429 a958 93d5 8811 1efd4f20 cda5 2397 94dd 272f ca943fc2 5f6f ce40 be29 b16c e31b5a94 3fc3 3efe 8f96 9238 1a55;"AC Typ 2 Steckdose; AC Schuko";"22; 22";;67b8 0d00 3957 b40b a83a 839a8797 e4ac 37ad 664e 289a aa7a007e 650a a7b1 748a 73a6 9af46eee 140d 4fcb b1dd e946 4148;;;;;;;;;;;;;;;;
1000856;SWLB Mobilität GmbH;;In Betrieb;Normalladeeinrichtung;2;22;10.03.2022;Schwieberdinger Straße;30;Tiefgarage MHP;71636;Ludwigsburg;Landkreis Ludwigsburg;Baden-Württemberg;48,891365;9,183175;;;"Onlinezahlungsverfahren;RFID-Karte";Keine Angabe;;;AC Typ 2 Steckdose;22;;;AC Typ 2 Steckdose;22;;;;;;;;;;;;;;;;;;
1066004;Team-Emobility GmbH;Team-Emobility GmbH;In Betrieb;Normalladeeinrichtung;2;22;18.05.2022;Marlener Str.;2;;77656;Offenburg;Landkreis Ortenaukreis;Baden-Württemberg;48,468015;7,933543;;;Onlinezahlungsverfahren;Keine Angabe;;;AC Typ 2 Steckdose;11;;;AC Typ 2 Steckdose;11;;;;;;;;;;;;;;;;;;
1086376;Jürgen Häderle;;In Betrieb;Normalladeeinrichtung;2;11;21.09.2022;Bruck  ;3;;73547;Lorch;Landkreis Ostalbkreis;Baden-Württemberg;48,817523;9,70264;;;Kostenlos;Keine Angabe;;;AC Typ 2 Fahrzeugkupplung;11;;;AC Typ 2 Steckdose;11;;;;;;;;;;;;;;;;;;
1050731;Pfalzwerke AG;Pfalzwerke AG;In Betrieb;Normalladeeinrichtung;2;22;21.06.2023;Stuttgarter Str.;59;;70734;Fellbach;Landkreis Rems-Murr-Kreis;Baden-Württemberg;48,812285;9,266672;;;"Onlinezahlungsverfahren;RFID-Karte;Sonstige";Keine Angabe;;;AC Typ 2 Steckdose;22;;;AC Typ 2 Steckdose;22;;;;;;;;;;;;;;;;;;
1117529;Tesla Germany GmbH;;In Betrieb;Schnellladeeinrichtung;1;250;19.12.2024;Zündholzstr.;3;;68723;Schwetzingen;Landkreis Rhein-Neckar-Kreis;Baden-Württemberg;49,413848;8,543339;;Keine Beschränkung;"Kreditkarte (NFC);Debitkarte (NFC);Onlinezahlungsverfahren";247;"Montag; Dienstag; Mittwoch; Donnerstag; Freitag; Samstag; Sonntag";"00:00-23:59; 00:00-23:59; 00:00-23:59; 00:00-23:59; 00:00-23:59; 00:00-23:59; 00:00-23:59";DC Fahrzeugkupplung Typ Combo 2 (CCS);250;DE*TSL*E0TTUCD;0487A642D214C428F6D871E68821DAD03DE33920684E3DAF10300C85044D439D5788BFEB2E9D4512A7275A7FDE7397C8455DF3B84E3D6526E407889780F18A4236;;;;;;;;;;;;;;;;;;;;
1126760;ingenia projects GmbH & Co. KG;ingenia projects GmbH & Co. KG;In Betrieb;Normalladeeinrichtung;1;11;06.02.2025;Rudolf-Diesel-Str.;5;;74592;Kirchberg an der Jagst;Landkreis Schwäbisch Hall;Baden-Württemberg;49,170397;9,964221;;Keine Beschränkung;"Onlinezahlungsverfahren;RFID-Karte";247;"Montag; Dienstag; Mittwoch; Donnerstag; Freitag; Samstag; Sonntag";"00:00-23:59; 00:00-23:59; 00:00-23:59; 00:00-23:59; 00:00-23:59; 00:00-23:59; 00:00-23:59";AC Typ 2 Fahrzeugkupplung;11;;;;;;;;;;;;;;;;;;;;;;
1084823;Autohaus Klaiber gmbH;;In Wartung;Normalladeeinrichtung;2;33;21.11.2022;Steigäcker ;4;;78582;Balgheim;Landkreis Tuttlingen;Baden-Württemberg;48,066779;8,765814;;;"Onlinezahlungsverfahren;RFID-Karte;Sonstige";Keine Angabe;;;AC Typ 2 Steckdose;11;;;DC Fahrzeugkupplung Typ Combo 2 (CCS);22;;;;;;;;;;;;;;;;;;
1117712;Stadtwerke Bad Säckingen GmbH;;In Betrieb;Normalladeeinrichtung;2;30;06.03.2024;Schulhausstr.;40;;79713;Bad Säckingen;Landkreis Waldshut;Baden-Württemberg;47,550433;7,941245;Kundenparkplatz Alfen;Keine Beschränkung;"Onlinezahlungsverfahren;RFID-Karte";247;"Montag; Dienstag; Mittwoch; Donnerstag; Freitag; Samstag; Sonntag";"00:00-23:59; 00:00-23:59; 00:00-23:59; 00:00-23:59; 00:00-23:59; 00:00-23:59; 00:00-23:59";AC Typ 2 Steckdose;22;DESWSE000306;AMIPDZEWNWFIOHRNKUCFL2RM4VHNYE2N36GNY75S;AC Typ 2 Steckdose;22;DESWSE000307;APEDDOKMCDQWZ3GIZQN2MFFZANK7OKAV5T5MSQFW;;;;;;;;;;;;;;;;
1110498;EMBL Heidelberg;;In Betrieb;Normalladeeinrichtung;2;44;23.03.2020;Meyerhofstraße;1;;69117;Heidelberg;Stadtkreis Heidelberg;Baden-Württemberg;49,384691;8,710587;;;;Keine Angabe;;;AC Typ 2 Steckdose;22;;;AC Typ 2 Steckdose;22;;;;;;;;;;;;;;;;;;
1161433;Martin Knirsch Kraftfahrzeuge GmbH;Martin Knirsch Kraftfahrzeuge GmbH;In Betrieb;Normalladeeinrichtung;2;22;13.07.2026;Ohmstr.;6;;76229;Karlsruhe;Stadtkreis Karlsruhe;Baden-Württemberg;49,02551;8,473196;AC 15 AC16 Schotterplatz  Ohm 6;Nur für Kunden/Besucher;"Kreditkarte (Lesegerät);Bargeld";Keine Angabe;;;AC Typ 2 Fahrzeugkupplung;22;DE*ONE*EGCY7;;AC Typ 2 Fahrzeugkupplung;22;DE*ONE*E5L62;;;;;;;;;;;;;;;;;
1025161;EnBW mobility+ AG und Co.KG ;;In Betrieb;Normalladeeinrichtung;2;22;26.02.2018;Dorotheenstr.;10;;70173;Stuttgart;Stadtkreis Stuttgart;Baden-Württemberg;48,775927;9,181477;;;"Onlinezahlungsverfahren;RFID-Karte";Keine Angabe;;;AC Typ 2 Steckdose;22;;;AC Typ 2 Steckdose;22;;;;;;;;;;;;;;;;;;
1026962;EnBW mobility+ AG und Co.KG ;;In Betrieb;Normalladeeinrichtung;2;30;01.12.2021;Dorotheenstr.;10;;70173;Stuttgart;Stadtkreis Stuttgart;Baden-Württemberg;48,775927;9,181477;;;"Onlinezahlungsverfahren;RFID-Karte";Keine Angabe;;;AC Typ 2 Steckdose;22;;;AC Typ 2 Steckdose;22;;;;;;;;;;;;;;;;;;
1026268;EnBW mobility+ AG und Co.KG ;;In Betrieb;Normalladeeinrichtung;2;30;19.01.2021;Charlottenplatz;17;;70173;Stuttgart;Stadtkreis Stuttgart;Baden-Württemberg;48,7766;9,18194;;;"Onlinezahlungsverfahren;RFID-Karte";Keine Angabe;;;AC Typ 2 Steckdose;22;;;AC Typ 2 Steckdose;22;;;;;;;;;;;;;;;;;;
1114707;Stuttgarter Heimschutz Otto Müller GmbH u. Co.;;In Betrieb;Normalladeeinrichtung;4;22;02.02.2022;Marktstraße;1-3;;70173;Stuttgart;Stadtkreis Stuttgart;Baden-Württemberg;48,775234;9,180524;;;"Onlinezahlungsverfahren;RFID-Karte";Keine Angabe;;;AC Typ 2 Steckdose;22;;;AC Typ 2 Steckdose;22;;;AC Typ 2 Steckdose;22;;;AC Typ 2 Steckdose;22;;;;;;;;;;
1114708;Stuttgarter Heimschutz Otto Müller GmbH u. Co.;;In Betrieb;Normalladeeinrichtung;4;22;02.02.2022;Marktstraße;1-3;;70173;Stuttgart;Stadtkreis Stuttgart;Baden-Württemberg;48,775276;9,180707;;;"Onlinezahlungsverfahren;RFID-Karte";Keine Angabe;;;AC Typ 2 Steckdose;22;;;AC Typ 2 Steckdose;22;;;AC Typ 2 Steckdose;22;;;AC Typ 2 Steckdose;22;;;;;;;;;;
1114709;Stuttgarter Heimschutz Otto Müller GmbH u. Co.;;In Betrieb;Normalladeeinrichtung;1;22;02.02.2022;Marktstraße;1-3;;70173;Stuttgart;Stadtkreis Stuttgart;Baden-Württemberg;48,775276;9,180567;;;"Onlinezahlungsverfahren;RFID-Karte";Keine Angabe;;;AC Typ 2 Steckdose;22;;;;;;;;;;;;;;;;;;;;;;
1026136;EnBW mobility+ AG und Co.KG ;;In Betrieb;Schnellladeeinrichtung;2;150;31.08.2020;Keplerstr.;7;;70174;Stuttgart;Stadtkreis Stuttgart;Baden-Württemberg;48,781861;9,175648;;;"Onlinezahlungsverfahren;RFID-Karte";Keine Angabe;;;DC Fahrzeugkupplung Typ Combo 2 (CCS);150;;;DC Fahrzeugkupplung Typ Combo 2 (CCS);150;;;;;;;;;;;;;;;;;;
1118731;Stadtwerke Stuttgart GmbH;SWS;In Betrieb;Normalladeeinrichtung;2;44;27.09.2023;Olgastr.;34;LADE;70182;Stuttgart;Stadtkreis Stuttgart;Baden-Württemberg;48,774921;9,185516;;Keine Beschränkung;"Onlinezahlungsverfahren;RFID-Karte";247;"Montag; Dienstag; Mittwoch; Donnerstag; Freitag; Samstag; Sonntag";"00:00-23:59; 00:00-23:59; 00:00-23:59; 00:00-23:59; 00:00-23:59; 00:00-23:59; 00:00-23:59";AC Typ 2 Steckdose;22;;;AC Typ 2 Steckdose;22;;;;;;;;;;;;;;;;;;
1059215;Stadtwerke Stuttgart GmbH;SWS;In Betrieb;Normalladeeinrichtung;2;44;04.03.2024;Haldenrainstraße;31;LADE;70437;Stuttgart;Stadtkreis Stuttgart;Baden-Württemberg;48,829862;9,180249;;;"Onlinezahlungsverfahren;RFID-Karte";Keine Angabe;;;AC Typ 2 Steckdose;22;;;AC Typ 2 Steckdose;22;;;;;;;;;;;;;;;;;;
1081772;eze.network GmbH;;In Betrieb;Normalladeeinrichtung;2;22;31.03.2021;Urbanstrasse;20;;70821;Stuttgart-Mitte;Stadtkreis Stuttgart;Baden-Württemberg;48,776704;9,185683;;Keine Beschränkung;"Onlinezahlungsverfahren;Debitkarte (NFC);RFID-Karte";Keine Angabe;;;AC Typ 2 Steckdose;22;;;AC Typ 2 Steckdose;22;;;;;;;;;;;;;;;;;;
1033107;SWU Energie GmbH;;In Betrieb;Normalladeeinrichtung;2;44;01.07.2022;Bahnhofplatz;0;Parkhaus am Bahnhof Ebene 1 West;89073;Ulm;Stadtkreis Ulm;Baden-Württemberg;48,398038;9,984046;;;"Onlinezahlungsverfahren;RFID-Karte";Keine Angabe;;;AC Typ 2 Steckdose;22;;;AC Typ 2 Steckdose;22;;;;;;;;;;;;;;;;;;
1074234;InAS - Infrastruktur Amberg-Sulzbach GmbH;;In Betrieb;Normalladeeinrichtung;2;22;20.05.2021;Malteserplatz;0;;92224;Amberg;Kreisfreie Stadt Amberg;Bayern;49,44353;11,851299;;;"Onlinezahlungsverfahren;RFID-Karte";Keine Angabe;;;AC Typ 2 Steckdose;11;;;AC Typ 2 Steckdose;11;;;;;;;;;;;;;;;;;;
1132766;EnBW mobility+ AG und Co.KG ;;In Betrieb;Schnellladeeinrichtung;2;150;27.08.2025;Am Bergsteig;1;;92224;Amberg;Kreisfreie Stadt Amberg;Bayern;49,43203;11,88691;;Keine Beschränkung;"Kreditkarte (Lesegerät);Kreditkarte (NFC);Debitkarte (Lesegerät);Debitkarte (NFC);Onlinezahlungsverfahren;RFID-Karte;Sonstige";247;"Montag; Dienstag; Mittwoch; Donnerstag; Freitag; Samstag; Sonntag";"00:00-23:59; 00:00-23:59; 00:00-23:59; 00:00-23:59; 00:00-23:59; 00:00-23:59; 00:00-23:59";DC Fahrzeugkupplung Typ Combo 2 (CCS);150;DE*EBW*E910360*1;3056301006072A8648CE3D020106052B8104000A03420004D832CDF4233757E5BB69AECF62E83E510F25D299A6F09371516283971E2DFE3B6991758E354D9320E8B96A4255AF66F8E1608DD6F855872E974054757A1FEFAE;DC Fahrzeugkupplung Typ Combo 2 (CCS);150;DE*EBW*E910360*2;3056301006072A8648CE3D020106052B8104000A034200042243F7000FE858175C6160950864F383D127E53B9D536E54E8F213DB0C4C3F24B262CAE8D361109D35A7A1106186F9BE5C6ADF808BC95EDC10BD1E9362AD1758;;;;;;;;;;;;;;;;
1031587;CUBOS Service GmbH;;In Betrieb;Normalladeeinrichtung;1;11;25.10.2023;Buergerreuther Strasse;6;;95444;Bayreuth;Kreisfreie Stadt Bayreuth;Bayern;49,953129;11,578591;;;"Onlinezahlungsverfahren;RFID-Karte";Keine Angabe;;;AC Typ 2 Steckdose;11;;3049301306072A8648CE3D020106082A8648CE3D03010103320004509C0CD9A2F767D0D400A482C3F42327795E414B94A27953A58E3F5AED2A8171C0F4360A2D1DA8DA89725A292A9969BD;;;;;;;;;;;;;;;;;;;;
1054156;Audi AG;AUDI AG;In Betrieb;Normalladeeinrichtung;2;22;29.06.2023;Carl-Zeiss-Str.;0;N39 Parkhaus;85055;Ingolstadt;Kreisfreie Stadt Ingolstadt;Bayern;48,78293;11,425757;Parkhaus N39;Keine Beschränkung;"Onlinezahlungsverfahren;RFID-Karte";247;"Montag; Dienstag; Mittwoch; Donnerstag; Freitag; Samstag; Sonntag";"00:00-23:59; 00:00-23:59; 00:00-23:59; 00:00-23:59; 00:00-23:59; 00:00-23:59; 00:00-23:59";AC Typ 2 Steckdose;11;;;AC Typ 2 Steckdose;11;;;;;;;;;;;;;;;;;;
1136035;Servipark Deutschland GmbH;;In Betrieb;Normalladeeinrichtung;1;22;14.10.2025;Rindermarkt;16;Contipark Tiefgarage Marienplatz;80331;München;Kreisfreie Stadt München;Bayern;48,136283;11,574668;Contipark Tiefgarage Marienplatz Wallbox 4;Nur für Kunden/Besucher;"RFID-Karte;Onlinezahlungsverfahren;Sonstige";247;"Montag; Dienstag; Mittwoch; Donnerstag; Freitag; Samstag; Sonntag";"00:00-23:59; 00:00-23:59; 00:00-23:59; 00:00-23:59; 00:00-23:59; 00:00-23:59; 00:00-23:59";AC Typ 2 Steckdose;22;;;;;;;;;;;;;;;;;;;;;;
1002311;SWM Versorgungs GmbH;Stadtwerke München;In Betrieb;Normalladeeinrichtung;2;22;21.12.2017;Tal;36;;80331;München;Kreisfreie Stadt München;Bayern;48,135646;11,580395;;;;Keine Angabe;;;AC Typ 2 Steckdose;22;;;AC Typ 2 Steckdose;22;;;;;;;;;;;;;;;;;;
1002454;SWM Versorgungs GmbH;Stadtwerke München;In Betrieb;Normalladeeinrichtung;2;22;19.12.2017;Westenriederstr.;39;ggü.;80331;München;Kreisfreie Stadt München;Bayern;48,135012;11,579745;;;;Keine Angabe;;;AC Typ 2 Steckdose;22;;;AC Typ 2 Steckdose;22;;;;;;;;;;;;;;;;;;
1002455;SWM Versorgungs GmbH;Stadtwerke München;In Betrieb;Normalladeeinrichtung;2;22;19.12.2017;Westenriederstr.;41;ggü.;80331;München;Kreisfreie Stadt München;Bayern;48,135005;11,579869;;;;Keine Angabe;;;AC Typ 2 Steckdose;22;;;AC Typ 2 Steckdose;22;;;;;;;;;;;;;;;;;;
1002902;SWM Versorgungs GmbH;Stadtwerke München;In Betrieb;Normalladeeinrichtung;2;22;01.01.2022;Rumfordstr.;49;;80333;München;Kreisfreie Stadt München;Bayern;48,13369;11,581946;;;;Keine Angabe;;;AC Typ 2 Steckdose;22;;;AC Typ 2 Steckdose;22;;;;;;;;;;;;;;;;;;
1002374;SWM Versorgungs GmbH;Stadtwerke München;In Betrieb;Normalladeeinrichtung;2;22;20.09.2017;Morassistr.;10;;80469;München;Kreisfreie Stadt München;Bayern;48,132206;11,582503;;;;Keine Angabe;;;AC Typ 2 Steckdose;22;;;AC Typ 2 Steckdose;22;;;;;;;;;;;;;;;;;;
1002903;SWM Versorgungs GmbH;Stadtwerke München;In Betrieb;Normalladeeinrichtung;2;22;01.01.2022;Rumfordstr.;49a;;80469;München;Kreisfreie Stadt München;Bayern;48,133711;11,581796;;;;Keine Angabe;;;AC Typ 2 Steckdose;22;;;AC Typ 2 Steckdose;22;;;;;;;;;;;;;;;;;;
1002453;SWM Versorgungs GmbH;Stadtwerke München;In Betrieb;Normalladeeinrichtung;2;22;19.12.2017;Maximilianstr.;16a;;80539;München;Kreisfreie Stadt München;Bayern;48,138861;11,581028;;;;Keine Angabe;;;AC Typ 2 Steckdose;22;;;AC Typ 2 Steckdose;22;;;;;;;;;;;;;;;;;;
1108066;E.ON Drive Germany GmbH;E.ON Drive GmbH;In Betrieb;Normalladeeinrichtung;1;3,7;26.02.2021;Knorrstraße;147;;80937;München;Kreisfreie Stadt München;Bayern;48,19321;11,571049;;;"Onlinezahlungsverfahren;RFID-Karte";Keine Angabe;;;AC Typ 2 Steckdose;3,7;;;;;;;;;;;;;;;;;;;;;;
1087184;Norman Roger Martin  Hesse;;In Betrieb;Normalladeeinrichtung;1;11;09.01.2023;Maria Einsiedelstr. ;17;;81379;München;Kreisfreie Stadt München;Bayern;48,135125;11,581981;;;Kostenlos;Keine Angabe;;;AC Typ 2 Steckdose;11;;;;;;;;;;;;;;;;;;;;;;
1150503;Robert Bosch GmbH;;In Betrieb;Normalladeeinrichtung;2;44;28.02.2026;Carl-Wery-Straße;34;;81739;München;Kreisfreie Stadt München;Bayern;48,088775;11,64459;;Nur für Kunden/Besucher;"Onlinezahlungsverfahren;RFID-Karte";Keine Angabe;;;AC Typ 2 Steckdose;22;DE*811*EEFE0261*1001;97fe0f64bc5f8d3776a0a4dede9cf351eb2c72646d7d7d2695ddabf2ab159d1f9543a398efff9ea798b9097a5b102056;AC Typ 2 Steckdose;22;DE*811*EEFE0261*1002;02a2e7db1290e8da6316f79f3e51e932c86d5bcca9be779800c60abc0312cbcfa3725e17813ec9e5c26aaa982756ba33;;;;;;;;;;;;;;;;
1132161;NürnbergMesse GmbH;NürnbergMesse GmbH;In Betrieb;Normalladeeinrichtung;2;44;01.08.2025;Karl-Schönleben-Str.;70;;90471;Nürnberg;Kreisfreie Stadt Nürnberg;Bayern;49,41726;11,12194;Parkplatz Süd Ost 1;Nur für Kunden/Besucher;"Onlinezahlungsverfahren;RFID-Karte;Sonstige";247;"Montag; Dienstag; Mittwoch; Donnerstag; Freitag; Samstag; Sonntag";"00:00-23:59; 00:00-23:59; 00:00-23:59; 00:00-23:59; 00:00-23:59; 00:00-23:59; 00:00-23:59";AC Typ 2 Steckdose;22;DE*DEP*E011053*001;f418 6011 3cb7 9bc1 96a8 4fc0 71ac d6c1 c416 4980 7e9e 0a82 8719 1f3e 883e ba29 94df 766d 57d1 8f2c ee67 7fcc b1de 0d71;AC Typ 2 Steckdose;22;DE*DEP*E011054*002;1aae 95c3 d96b 49f7 8096 b9b5 bd34 61be ea8a 10fc f7c3 496c 36d1 b46e ee7a 1b07 4a39 5ca2 e774 43b6 1d4e 48d2 b1cb 62dd;;;;;;;;;;;;;;;;
1068521;Michael Löw;;In Betrieb;Normalladeeinrichtung;4;11;01.02.2022;Am Gries;2;;93059;Regensburg;Kreisfreie Stadt Regensburg;Bayern;49,024406;12,102395;;;"Kostenlos;Bargeld;Onlinezahlungsverfahren";Keine Angabe;;;AC Typ 2 Fahrzeugkupplung;11;;;AC Typ 2 Fahrzeugkupplung;11;;;"AC Typ 2 Fahrzeugkupplung; AC Schuko";"11; 11";;;AC Typ 2 Fahrzeugkupplung;11;;;;;;;;;;
1052041;EM1 GmbH;EM1 GmbH;In Wartung;Normalladeeinrichtung;2;22;18.01.2023;Bahnhofstraße;9;;84518;Garching an der Alz;Landkreis Altötting;Bayern;48,131014;12,57261;;;"Onlinezahlungsverfahren;RFID-Karte";Keine Angabe;;;AC Typ 2 Steckdose;22;;AM2B DO7B JGUG Y2XN TOLK H3QY LDZB OMPJ XOH6 IGAI;AC Typ 2 Steckdose;22;;AMLV TGJN 4KN6 M2KG NTJY OBIE 44XD NQLX WFGX XFBD;;;;;;;;;;;;;;;;
1052042;EM1 GmbH;EM1 GmbH;In Wartung;Normalladeeinrichtung;2;22;18.01.2023;Bahnhofstraße;9;;84518;Garching an der Alz;Landkreis Altötting;Bayern;48,131062;12,572617;;;"Onlinezahlungsverfahren;RFID-Karte";Keine Angabe;;;AC Typ 2 Steckdose;22;;ANEY ILFE 7NUI C3IP CQOA K67P SGJP JGDT WSES ARBO;AC Typ 2 Steckdose;22;;AKIF ITMO 6O7P MIFW CAPQ UZPQ 5BK6 DQJB YFJZ 4KPG;;;;;;;;;;;;;;;;
1052034;EM1 GmbH;EM1 GmbH;In Wartung;Normalladeeinrichtung;2;22;08.11.2022;Tassilostraße;14;;84518;Garching an der Alz;Landkreis Altötting;Bayern;48,135738;12,59727;;;"Onlinezahlungsverfahren;RFID-Karte";Keine Angabe;;;AC Typ 2 Steckdose;22;;ANTV LSVQ F37P ULWA VTPH KBR3 5BT7 JLEZ ARLA M2TK;AC Typ 2 Steckdose;22;;AOU6 4UMU 4RKJ DSZ6 HT3B YYV4 SMJY KLXF DOAL MHZC;;;;;;;;;;;;;;;;
1081182;Energiegenossenschaft Inn-Salzach eG;;In Betrieb;Schnellladeeinrichtung;2;50;19.04.2024;Frauenhoferstr.;0;Parkplatz;84524;Neuötting;Landkreis Altötting;Bayern;48,241196;12,682285;Neuötting Parkplatz West;Keine Beschränkung;"RFID-Karte;Onlinezahlungsverfahren;Kreditkarte (NFC)";247;"Montag; Dienstag; Mittwoch; Donnerstag; Freitag; Samstag; Sonntag";"00:00-23:59; 00:00-23:59; 00:00-23:59; 00:00-23:59; 00:00-23:59; 00:00-23:59; 00:00-23:59";DC Fahrzeugkupplung Typ Combo 2 (CCS);50;DE*443*EEGISNOEPWLS04*01;3056301006072A8648CE3D020106052B8104000A03420004218D4570D35F807307315A7FA0F2307D71F472C943F8657F122F9EBC532D6DCFC4BAC19D12BEC1DE40D95E60FA11A8630D780A0D3E9D42BB042CC8E1127EFCC0;DC Fahrzeugkupplung Typ Combo 2 (CCS);50;DE*443*EEGISNOEPWLS04*02;3056301006072A8648CE3D020106052B8104000A034200045E3BD3F48867E7E350956E6AFCFDDA86B25C8210C1BE6F0AFF0E2EA50521FF084EC97DFEC788CA3003CEC578D0B4952C3909F3D187910C9D3080CDCE70EDF5DE;;;;;;;;;;;;;;;;
1121013;KARLE-Energy;Eisdiele Lazzaris;In Betrieb;Normalladeeinrichtung;2;22;15.05.2025;Rathausplatz;19;;86420;Diedorf;Landkreis Augsburg;Bayern;48,354689;10,786023;Schmuttertalhalle;Keine Beschränkung;"RFID-Karte;Onlinezahlungsverfahren;Debitkarte (NFC)";247;"Montag; Dienstag; Mittwoch; Donnerstag; Freitag; Samstag; Sonntag";"00:00-23:59; 00:00-23:59; 00:00-23:59; 00:00-23:59; 00:00-23:59; 00:00-23:59; 00:00-23:59";AC Typ 2 Fahrzeugkupplung;22;DEILIE001001;;AC Typ 2 Fahrzeugkupplung;22;DEILIE001002;;;;;;;;;;;;;;;;;
1040271;EnBW mobility+ AG und Co.KG ;;In Betrieb;Schnellladeeinrichtung;2;300;06.03.2024;Further Straße;4;;93426;Roding;Landkreis Cham;Bayern;49,196766;12,52292;;;"Onlinezahlungsverfahren;RFID-Karte;Sonstige";Keine Angabe;;;DC Fahrzeugkupplung Typ Combo 2 (CCS);300;;;DC Fahrzeugkupplung Typ Combo 2 (CCS);300;;;;;;;;;;;;;;;;;;
1005591;Stadtwerke Dingolfing GmbH;;In Betrieb;Normalladeeinrichtung;2;44;27.11.2023;Obere Stadt;19;;84130;Dingolfing;Landkreis Dingolfing-Landau;Bayern;48,62696;12,49546;;;"Onlinezahlungsverfahren;RFID-Karte";Keine Angabe;;;AC Typ 2 Steckdose;22;;;AC Typ 2 Steckdose;22;;;;;;;;;;;;;;;;;;
1005562;Herzo Energie GmbH;;In Betrieb;Normalladeeinrichtung;2;22;11.02.2020;Würzburgerstraße;35;;91074;Herzogenaurach;Landkreis Erlangen-Höchstadt;Bayern;49,572778;10,866944;;;;Keine Angabe;;;AC Typ 2 Steckdose;22;;;AC Typ 2 Steckdose;22;;;;;;;;;;;;;;;;;;
1161815;Coffee Fellows Hotel GmbH;Coffee Fellows Hotel;In Betrieb;Normalladeeinrichtung;1;22;10.07.2026;Lochhauser Str.;61;Tiefgarage Hotel;82178;Puchheim;Landkreis Fürstenfeldbruck;Bayern;48,176725;11,366909;Coffee Fellows Hotel Puchheim;Keine Beschränkung;"RFID-Karte;Onlinezahlungsverfahren";Eingeschränkt;"Montag; Dienstag; Mittwoch; Donnerstag; Freitag; Samstag; Sonntag";"06:00-23:00; 06:00-23:00; 06:00-23:00; 06:00-23:00; 06:00-23:00; 06:00-23:00; 06:00-23:00";AC Typ 2 Steckdose;22;DE*CFH*E00000005*1;3059 3013 0607 2A86 48CE 3D02 0106 082A 8648 CE3D 0301 0703 4200 0433 1295 2156 9BA1 2911 DA3F 6BCE F762 4FCD 3F27 5ED6 F134 5598 E5B4 CA0C 8C92 EC4A C10B 8570 0183 F31A BC6E 3F40 11D9 36B5 C59E B4EA 8C71 3844 8F06 4CAE FD48 EC;;;;;;;;;;;;;;;;;;;;
1069608;Florian und Sandra Schranner GbR;;In Betrieb;Normalladeeinrichtung;1;22;11.06.2022;Wolfshauser Str.;5;2;84091;Attenhofen;Landkreis Kelheim;Bayern;48,676365;11,876306;;;"Onlinezahlungsverfahren;RFID-Karte;Plug & Charge";Keine Angabe;;;"AC Typ 2 Steckdose; AC Typ 2 Fahrzeugkupplung";"22; 22";;;;;;;;;;;;;;;;;;;;;;
1037778;Citywatt GmbH;Citywatt GmbH;In Betrieb;Normalladeeinrichtung;2;22;25.03.2024;Landshuter Straße;100;;84137;Vilsbiburg;Landkreis Landshut;Bayern;48,452866;12,34108;;;"Onlinezahlungsverfahren;RFID-Karte";Keine Angabe;;;AC Typ 2 Steckdose;22;;AMLN ED2U SJQG 5ISI CTMY 6AY5 J7SQ 7LE6 PCM6 DCPC;AC Typ 2 Steckdose;22;;AP44 MBTY CFLT TH3R FSJV ZWOD IIC5 OXIX W3XD R5RI;;;;;;;;;;;;;;;;
1037406;Citywatt GmbH;Citywatt GmbH;In Betrieb;Schnellladeeinrichtung;2;300;21.12.2021;Robert-Bosch-Straße;1;;82054;Sauerlach;Landkreis München;Bayern;47,97028;11,665131;;;"Kreditkarte (Lesegerät);Kreditkarte (NFC);Debitkarte (Lesegerät);Debitkarte (NFC);Onlinezahlungsverfahren;RFID-Karte";Keine Angabe;;;DC Fahrzeugkupplung Typ Combo 2 (CCS);300;;3056301006072A8648CE3D020106052B8104000A03420004A1531B18E7E6CEDB19ECE5F1C62CDFC4EB6F724FC5C5AE54B4DFB7018C85F8803BFAAECE2F3712D67DD92EBF16F4C6D45EB4B9B9EFDB7DE6694F43B6EB7156EF;DC Fahrzeugkupplung Typ Combo 2 (CCS);300;;3056301006072A8648CE3D020106052B8104000A034200043D50AE7786D69F6BD9FD76A12560C0EE801F58D7525AA1A24D4E3EAB5545A86C0152BD58716A4836E4658CEE29CFFF4594912B73BAB3CBDA9F936BAAF0DCA4C3;;;;;;;;;;;;;;;;
1070084;Energielösung GmbH;;In Betrieb;Normalladeeinrichtung;2;44;03.04.2023;Kreutweg;2;;92360;Mühlhausen;Landkreis Neumarkt i.d. OPf.;Bayern;49,16954;11,44825;Burkhardt GmbH;Keine Beschränkung;"RFID-Karte;Onlinezahlungsverfahren";247;"Montag; Dienstag; Mittwoch; Donnerstag; Freitag; Samstag; Sonntag";"00:00-23:59; 00:00-23:59; 00:00-23:59; 00:00-23:59; 00:00-23:59; 00:00-23:59; 00:00-23:59";AC Typ 2 Steckdose;22;DE*BEM*E0010366;AK7S MIOH LD3E UQLP UBVU QB5H HIDV EC7F RIWB EDZ7;AC Typ 2 Steckdose;22;DE*BEM*E0010367;ANRD BCUW VWZX S6RO O7GB EILE CHUU SQDX CQIC JPMW;;;;;;;;;;;;;;;;
1140565;Robert Bosch GmbH;;In Betrieb;Normalladeeinrichtung;2;44;01.12.2025;Robert-Bosch-Straße;1;;87509;Immenstadt;Landkreis Oberallgäu;Bayern;47,591741;10,253724;;Keine Beschränkung;"Onlinezahlungsverfahren;RFID-Karte";Keine Angabe;;;AC Typ 2 Steckdose;22;DE*811*E32529*13497;000000000000000000000000000000000000000000000000000000000000000000000000000000000000000000000000;AC Typ 2 Steckdose;22;DE*811*E32529*13498;000000000000000000000000000000000000000000000000000000000000000000000000000000000000000000000000;;;;;;;;;;;;;;;;
1145344;Kommunalunternehmen Stadtwerke Pfaffenhofen a. d. Ilm;;In Betrieb;Normalladeeinrichtung;2;44;01.10.2025;Hauptstr.;43;;85276;Hettenshausen;Landkreis Pfaffenhofen a.d. Ilm;Bayern;48,50024;11,504217;Bürgerhaus Hettenshausen;Keine Beschränkung;"RFID-Karte;Plug & Charge;Onlinezahlungsverfahren";247;"Montag; Dienstag; Mittwoch; Donnerstag; Freitag; Samstag; Sonntag";"00:00-23:59; 00:00-23:59; 00:00-23:59; 00:00-23:59; 00:00-23:59; 00:00-23:59; 00:00-23:59";AC Typ 2 Steckdose;22;DESWPE001901;759C F8C8 A0FB B2D1 145F B739 5F46 7E88 926C 6228 92BB 11FE 684A 6B97 1048 2097 0D42 01A8 AC0B 8287 EFE9 4EF2 2912 C4A7 ;AC Typ 2 Steckdose;22;DESWPE001902;5880 608B 88FE 5269 23C7 9D74 5D20 5124 C47B 7662 753A 0186 BBFC EA95 0FBA FBAA B922 B97A 9543 7D70 591C 259A F672 55CC ;;;;;;;;;;;;;;;;
1093054;Wasserburger Energie GmbH;;In Betrieb;Normalladeeinrichtung;4;22;01.04.2018;Landwehrstraße;3;;83512;Wasserburg a. Inn;Landkreis Rosenheim;Bayern;48,061124;12,235444;;;;Keine Angabe;;;AC Typ 2 Steckdose;22;;;AC Typ 2 Steckdose;22;;;AC Typ 2 Steckdose;22;;;"AC Typ 2 Steckdose; AC Schuko";"22; 22";;;;;;;;;;
1029255;Energie Südbayern GmbH;Energie Südbayern GmbH;In Betrieb;Normalladeeinrichtung;2;44;15.12.2020;Stadtplatz;4;;94333;Geiselhöring;Landkreis Straubing-Bogen;Bayern;48,826127;12,392407;ESB_0041 / Stadtplatz - Geiselhöring;Keine Beschränkung;"RFID-Karte;Onlinezahlungsverfahren";247;"Montag; Dienstag; Mittwoch; Donnerstag; Freitag; Samstag; Sonntag";"00:00-23:59; 00:00-23:59; 00:00-23:59; 00:00-23:59; 00:00-23:59; 00:00-23:59; 00:00-23:59";AC Typ 2 Steckdose;22;DEESBE004101;3A2C333AAA88063CF7ABE5EB9B9F464A9F97D2206636D8247134E2B279D041B5139368C4D216DBC1A87E27E49295E9B3;AC Typ 2 Steckdose;22;DEESBE004102;8FD212290EB64441AC31D95580E31016326359FA8D501CE4FE16C5C526543A9F20F4F17D3D630D3243D992577CCF6BBA;;;;;;;;;;;;;;;;
1131305;Neumann & Neumann Software und Beratungs GmbH;Innovationszentrum Morgenbach;In Betrieb;Normalladeeinrichtung;1;11;31.07.2025;In der Elle;1;Parkplatz links neben Haupteingang;82409;Wildsteig;Landkreis Weilheim-Schongau;Bayern;47,69404;10,95871;Innovationszentrum Morgenbach;Keine Beschränkung;"RFID-Karte;Onlinezahlungsverfahren";247;"Montag; Dienstag; Mittwoch; Donnerstag; Freitag; Samstag; Sonntag";"00:00-23:59; 00:00-23:59; 00:00-23:59; 00:00-23:59; 00:00-23:59; 00:00-23:59; 00:00-23:59";AC Typ 2 Steckdose;11;DE*ONE*E8CZ8;;;;;;;;;;;;;;;;;;;;;
1018030;Berliner Stadtwerke KommunalPartner GmbH;Berliner Stadtwerke KommunalPartner GmbH;In Betrieb;Normalladeeinrichtung;2;30;30.06.2023;Leipziger Platz;19;;01011;Berlin;Kreisfreie Stadt Berlin;Berlin;52,510055;13,377592;;;"Onlinezahlungsverfahren;RFID-Karte;Sonstige";Keine Angabe;;;AC Typ 2 Steckdose;22;;;AC Typ 2 Steckdose;22;;;;;;;;;;;;;;;;;;
1032001;Circle K Deutschland GmbH;Circle K Deutschland;In Betrieb;Schnellladeeinrichtung;1;175;06.03.2023;Storkower Str.;175;T175-IT1-1322-212;01036;Berlin;Kreisfreie Stadt Berlin;Berlin;52,52742;13,457838;;;"Onlinezahlungsverfahren;RFID-Karte";Keine Angabe;;;"DC Fahrzeugkupplung Typ Combo 2 (CCS); DC CHAdeMO";"175; 175";;;;;;;;;;;;;;;;;;;;;;
1137013;eze.network GmbH;;In Betrieb;Normalladeeinrichtung;2;22;22.10.2025;Wönnichstr.;11;;10317;Berlin;Kreisfreie Stadt Berlin;Berlin;52,509137;13,499702;TTA000774;Keine Beschränkung;"Debitkarte (NFC);Onlinezahlungsverfahren;RFID-Karte";247;"Montag; Dienstag; Mittwoch; Donnerstag; Freitag; Samstag; Sonntag";"00:00-23:59; 00:00-23:59; 00:00-23:59; 00:00-23:59; 00:00-23:59; 00:00-23:59; 00:00-23:59";AC Typ 2 Steckdose;22;;3059301306072a8648ce3d020106082a8648ce3d03010703420004d23e1137e92453af2cb293326e3492a9e4500e688fd0bfcb838925f3b1893e78a3700b324e0bfd667115c7c89365496f1253c278d2628c133738b93de4c4badc;AC Typ 2 Steckdose;22;;3059301306072a8648ce3d020106082a8648ce3d03010703420004401bc5d7f869e8bb15ea6dcd866532225ee41d67c3d074e465638ed4dc59ea68f19724e135bc54a151ad3801f75cc34c28d103804fda0c64d909e71bd68c207a;;;;;;;;;;;;;;;;
1082037;eze.network GmbH;;In Betrieb;Normalladeeinrichtung;2;22;16.10.2023;Willibald-Alexis-Straße;22;;10965;Berlin;Kreisfreie Stadt Berlin;Berlin;52,487739;13,39029;;Keine Beschränkung;"Onlinezahlungsverfahren;Debitkarte (NFC);RFID-Karte";Keine Angabe;;;AC Typ 2 Steckdose;22;;;AC Typ 2 Steckdose;22;;;;;;;;;;;;;;;;;;
1103724;eze.network GmbH;;In Betrieb;Normalladeeinrichtung;2;22;18.12.2024;Vereinsstr.;5;;12487;Berlin;Kreisfreie Stadt Berlin;Berlin;52,442042;13,505228;TTA000519;Keine Beschränkung;"Debitkarte (NFC);RFID-Karte;Onlinezahlungsverfahren";247;"Montag; Dienstag; Mittwoch; Donnerstag; Freitag; Samstag; Sonntag";"00:00-23:59; 00:00-23:59; 00:00-23:59; 00:00-23:59; 00:00-23:59; 00:00-23:59; 00:00-23:59";AC Typ 2 Steckdose;22;;3059301306072a8648ce3d020106082a8648ce3d0301070342000438672f7b6043a78daa91c70da1751fdfd63e82bf36759551d1ef366db9222b69deaec1f883360f96d5e228f65352bef8965dcb846844786a5bbb8e649ec48f33;AC Typ 2 Steckdose;22;;3059301306072a8648ce3d020106082a8648ce3d03010703420004858e623ff195fe1b8860b460cb39a30bd2f615a86d8fbc8a91e214a10fe40e815c97074dc13167e434a501246530475d64510c9aba26b9563e64958e3c0ed280;;;;;;;;;;;;;;;;
1099816;Vattenfall Smarter Living GmbH;;In Betrieb;Schnellladeeinrichtung;2;180;06.06.2024;Eschengraben;47;;13189;Berlin;Kreisfreie Stadt Berlin;Berlin;52,556501;13,423617;;Keine Beschränkung;"Kreditkarte (Lesegerät);Kreditkarte (NFC);Onlinezahlungsverfahren;Debitkarte (Lesegerät);Debitkarte (NFC);RFID-Karte";Keine Angabe;;;DC Fahrzeugkupplung Typ Combo 2 (CCS);180;;;DC Fahrzeugkupplung Typ Combo 2 (CCS);180;;;;;;;;;;;;;;;;;;
1017711;Berliner Stadtwerke KommunalPartner GmbH;Berliner Stadtwerke KommunalPartner GmbH;In Betrieb;Normalladeeinrichtung;2;22;18.10.2019;Riehlstr.;19;;14057;Berlin;Kreisfreie Stadt Berlin;Berlin;52,51005;13,286372;;;"Onlinezahlungsverfahren;RFID-Karte";Keine Angabe;;;AC Typ 2 Steckdose;11;;;AC Typ 2 Steckdose;11;;;;;;;;;;;;;;;;;;
1046250;StWB Stadtwerke Brandenburg GmbH & Co. KG;StWB Stadtwerke Brandenburg GmbH & Co. KG;In Betrieb;Normalladeeinrichtung;2;44;26.05.2020;Vereinsstraße;0;;14770;Brandenburg;Kreisfreie Stadt Brandenburg an der Havel;Brandenburg;52,410873;12,546294;;;"Onlinezahlungsverfahren;RFID-Karte";Keine Angabe;;;AC Typ 2 Steckdose;22;;779163C7B9782045E2287A52F42F13C1653618C995098356A037249D928682CB745492B725497EA13728850F3910DCF9;AC Typ 2 Steckdose;22;;5E30D3B85438BCBAE544ADA76B42BDDF8FB1118079612EAA293111D405979AF41ACBD4D0CBF55CEF47C6F25A3A63A007;;;;;;;;;;;;;;;;
1046261;StWB Stadtwerke Brandenburg GmbH & Co. KG;StWB Stadtwerke Brandenburg GmbH & Co. KG;In Betrieb;Schnellladeeinrichtung;2;46;27.01.2021;Carl-Reichstein-Str.;31;;14770;Brandenburg;Kreisfreie Stadt Brandenburg an der Havel;Brandenburg;52,414901;12,507055;;;"Onlinezahlungsverfahren;RFID-Karte";Keine Angabe;;;AC Typ 2 Steckdose;22;;;"AC Typ 2 Steckdose; DC Fahrzeugkupplung Typ Combo 2 (CCS)";"24; 24";;;;;;;;;;;;;;;;;;
1034741;E.DIS AG;E.DIS AG;In Betrieb;Normalladeeinrichtung;2;44;22.04.2022;Schillerstra.;54;;15738;Zeuthen;Landkreis Dahme-Spreewald;Brandenburg;52,361573;13,62427;;;"Onlinezahlungsverfahren;RFID-Karte";Keine Angabe;;;AC Typ 2 Steckdose;22;;;AC Typ 2 Steckdose;22;;;;;;;;;;;;;;;;;;
1014455;Tesla Manufacturing Brandenburg SE;;In Betrieb;Normalladeeinrichtung;1;11;25.08.2023;Tesla Straße;1;;15537;Grünheide (Mark);Landkreis Oder-Spree;Brandenburg;52,391331;13,79215;;;Kostenlos;Keine Angabe;;;AC Typ 2 Fahrzeugkupplung;11;;;;;;;;;;;;;;;;;;;;;;
1009007;Shell Deutschland GmbH;;In Betrieb;Schnellladeeinrichtung;1;175;21.12.2021;Dahmestr.;21;;15749;Mittenwalde;Landkreis Teltow-Fläming;Brandenburg;52,26366;13,57168;;;"Kreditkarte (NFC);Debitkarte (NFC);Onlinezahlungsverfahren;RFID-Karte";Keine Angabe;;;"DC Fahrzeugkupplung Typ Combo 2 (CCS); DC CHAdeMO";"175; 175";;;;;;;;;;;;;;;;;;;;;;
1021476;swb Vertrieb Bremen GmbH;swb;In Betrieb;Normalladeeinrichtung;2;44;24.05.2019;Violenstraße;0;;28195;Bremen;Kreisfreie Stadt Bremen;Bremen;53,074895;8,810815;;;;Keine Angabe;;;AC Typ 2 Steckdose;22;;;AC Typ 2 Steckdose;22;;;;;;;;;;;;;;;;;;
1065293;Ladesonne GmbH & Co. KG;Ladesonne;In Betrieb;Schnellladeeinrichtung;2;50;13.08.2024;Altenwall;21;;28195;Bremen;Kreisfreie Stadt Bremen;Bremen;53,07213;8,810461;Bremen - HB - Altenwall;Keine Beschränkung;"Onlinezahlungsverfahren;RFID-Karte";247;"Montag; Dienstag; Mittwoch; Donnerstag; Freitag; Samstag; Sonntag";"00:00-23:59; 00:00-23:59; 00:00-23:59; 00:00-23:59; 00:00-23:59; 00:00-23:59; 00:00-23:59";DC Fahrzeugkupplung Typ Combo 2 (CCS);25;DE*LDS*E1064*1;3056301006072A8648CE3D020106052B8104000A034200042016A66D06671C7C92DC016B2E82F2FFEEE590955DE9E2341B9517B6CC46350062A32A8BBD6D3E4B137DDBEB6589756322EB128B7E1AAF4B3AF9038A1584D149;DC Fahrzeugkupplung Typ Combo 2 (CCS);25;DE*LDS*E1064*2;3056301006072A8648CE3D020106052B8104000A03420004FD51CE46EB30D394DA4629B50A52E7DA1405D07080183241637BD8E9DD81683C8130931029EAC1D68A7AD8EBBD5F22FE4D5A33900984BB69BA0A99B2A470CD91;;;;;;;;;;;;;;;;
1036721;EDEKA-MIHA Charge GmbH;;In Betrieb;Schnellladeeinrichtung;2;72;22.01.2024;Heidlerchenstr.;1;;28777;Bremen;Kreisfreie Stadt Bremen;Bremen;53,192064;8,558612;;Keine Beschränkung;"Onlinezahlungsverfahren;RFID-Karte";247;"Montag; Dienstag; Mittwoch; Donnerstag; Freitag; Samstag; Sonntag";"00:00-23:59; 00:00-23:59; 00:00-23:59; 00:00-23:59; 00:00-23:59; 00:00-23:59; 00:00-23:59";DC Fahrzeugkupplung Typ Combo 2 (CCS);50;;;AC Typ 2 Steckdose;22;;;;;;;;;;;;;;;;;;
1073012;E.ON Drive Infrastructure GmbH;E.ON Drive Infrastructure;In Betrieb;Schnellladeeinrichtung;2;50;03.09.2024;Mönckebergstr.;1;Media Markt, Parkdeck 7;20095;Hamburg;Kreisfreie Stadt Hamburg;Hamburg;53,550522;10,005717;;Nur für Kunden/Besucher;"Kreditkarte (Lesegerät);RFID-Karte;Onlinezahlungsverfahren;Debitkarte (Lesegerät)";Keine Angabe;;;DC Fahrzeugkupplung Typ Combo 2 (CCS);50;"DE*UFC*E00818*1
";"3056301006072A8648CE3D020106052B8104000A034200044D74AAE55E8CF429F95DFF72F8C5808EE704FDB3F210F84F42CABEE4FC451533F64A50DEFC88FE276E6634AFCCC701BAF990A3115D7DD793B652752363B75705
";DC Fahrzeugkupplung Typ Combo 2 (CCS);50;"DE*UFC*E00818*2
";"3056301006072A8648CE3D020106052B8104000A034200044CE90CE38E9F6B8DDF8ED95CCA340658EB97C75C9AD0DBA8C21B201107E646B57F9533422C18E1629577E05EE9D834629550A6664BB415462BB0D62B0FA0A5C5
";;;;;;;;;;;;;;;;
1099684;Vattenfall Smarter Living GmbH;;In Betrieb;Normalladeeinrichtung;1;11;27.07.2023;Ferdinandstor;1;;20095;Hamburg;Kreisfreie Stadt Hamburg;Hamburg;53,556051;10,00156;;;"Onlinezahlungsverfahren;RFID-Karte";Keine Angabe;;;AC Typ 2 Steckdose;11;;;;;;;;;;;;;;;;;;;;;;
1128769;Hamburger Energiewerke Mobil GmbH;HEnW-Mobil;In Betrieb;Normalladeeinrichtung;2;44;10.06.2025;Wentorfer Str.;48;;21029;Hamburg;Kreisfreie Stadt Hamburg;Hamburg;53,487593;10,222337;8004;Keine Beschränkung;"Onlinezahlungsverfahren;RFID-Karte;Sonstige";247;"Montag; Dienstag; Mittwoch; Donnerstag; Freitag; Samstag; Sonntag";"00:00-23:59; 00:00-23:59; 00:00-23:59; 00:00-23:59; 00:00-23:59; 00:00-23:59; 00:00-23:59";AC Typ 2 Steckdose;22;DE*HHM*E8004*01;;AC Typ 2 Steckdose;22;DE*HHM*E8004*02;;;;;;;;;;;;;;;;;
1162045;enercity AG;enercity AG;In Betrieb;Normalladeeinrichtung;2;28;14.07.2026;Anklamer Ring;0;Vor Hausnummer 50;22147;Hamburg;Kreisfreie Stadt Hamburg;Hamburg;53,616594;10,140338;;Keine Beschränkung;"Kreditkarte (NFC);Debitkarte (NFC);Onlinezahlungsverfahren;RFID-Karte;Sonstige";247;"Montag; Dienstag; Mittwoch; Donnerstag; Freitag; Samstag; Sonntag";"00:00-23:59; 00:00-23:59; 00:00-23:59; 00:00-23:59; 00:00-23:59; 00:00-23:59; 00:00-23:59";AC Typ 2 Steckdose;22;DE*ENY*E00001524*001*A;3059301306072a8648ce3d020106082a8648ce3d030107034200046aa7fd57538e9b80b0d60d6f9be7a4178168926d1a266e16fae3d8f84e069e5cf03ada490033ea588ec610661f20bc0cb4d238354ed7b091a038d5d499a73478;AC Typ 2 Steckdose;22;DE*ENY*E00001524*001*B;3059301306072a8648ce3d020106082a8648ce3d03010703420004248410d708bea3313b9a1a66f522e80ec16b7dedde8f1aa865b317aaeeca36a8778957fc8f902282c485eb7982250ba31b28228b6d4daec29406938167960141;;;;;;;;;;;;;;;;
1153616;APCOA Deutschland GmbH;;In Betrieb;Normalladeeinrichtung;1;11;23.10.2025;Sülldorfer Kirchenweg;2a;;22587;Hamburg;Kreisfreie Stadt Hamburg;Hamburg;53,563682;9,81263;;Keine Beschränkung;"RFID-Karte;Onlinezahlungsverfahren";247;"Montag; Dienstag; Mittwoch; Donnerstag; Freitag; Samstag; Sonntag";"00:00-23:59; 00:00-23:59; 00:00-23:59; 00:00-23:59; 00:00-23:59; 00:00-23:59; 00:00-23:59";AC Typ 2 Steckdose;11;"DE-ACO-E20416-E1-03-1
";"ANCWKYXVEOF4MC3MEYHUKV66EEDB4G2F45CVAAAC
";;;;;;;;;;;;;;;;;;;;
1066030;Team-Emobility GmbH;Team-Emobility GmbH;In Betrieb;Normalladeeinrichtung;2;22;29.02.2024;Rheinstraße;105;;64259;Darmstadt;Kreisfreie Stadt Darmstadt;Hessen;49,874343;8,632252;;;"Onlinezahlungsverfahren;RFID-Karte";Keine Angabe;;;AC Typ 2 Steckdose;11;;;AC Typ 2 Steckdose;11;;;;;;;;;;;;;;;;;;
1154416;Entega Plus GmbH;Entega Plus GmbH;In Betrieb;Schnellladeeinrichtung;2;50;16.04.2026;Schulstr.;12;;64283;Darmstadt;Kreisfreie Stadt Darmstadt;Hessen;49,87061;8,655927;;Keine Beschränkung;"Kreditkarte (NFC);Onlinezahlungsverfahren;RFID-Karte";247;"Montag; Dienstag; Mittwoch; Donnerstag; Freitag; Samstag; Sonntag";"00:00-23:59; 00:00-23:59; 00:00-23:59; 00:00-23:59; 00:00-23:59; 00:00-23:59; 00:00-23:59";DC Fahrzeugkupplung Typ Combo 2 (CCS);50;;;DC Fahrzeugkupplung Typ Combo 2 (CCS);50;;;;;;;;;;;;;;;;;;
1048065;Mainova AG;Mainova AG;In Betrieb;Normalladeeinrichtung;2;22;23.05.2024;Domstraße;1;;60311;Frankfurt am Main;Kreisfreie Stadt Frankfurt am Main;Hessen;50,111332;8,684408;;;"Onlinezahlungsverfahren;RFID-Karte";Keine Angabe;;;AC Typ 2 Steckdose;22;;;AC Typ 2 Steckdose;22;;;;;;;;;;;;;;;;;;
1048066;Mainova AG;Mainova AG;In Betrieb;Normalladeeinrichtung;2;22;23.05.2024;Domstraße;1;;60311;Frankfurt am Main;Kreisfreie Stadt Frankfurt am Main;Hessen;50,111332;8,684408;;;"Onlinezahlungsverfahren;RFID-Karte";Keine Angabe;;;AC Typ 2 Steckdose;22;;;AC Typ 2 Steckdose;22;;;;;;;;;;;;;;;;;;
1048067;Mainova AG;Mainova AG;In Betrieb;Normalladeeinrichtung;2;22;23.05.2024;Domstraße;1;;60311;Frankfurt am Main;Kreisfreie Stadt Frankfurt am Main;Hessen;50,111332;8,684408;;;"Onlinezahlungsverfahren;RFID-Karte";Keine Angabe;;;AC Typ 2 Steckdose;22;;;AC Typ 2 Steckdose;22;;;;;;;;;;;;;;;;;;
1048068;Mainova AG;Mainova AG;In Betrieb;Normalladeeinrichtung;2;22;23.05.2024;Domstraße;1;;60311;Frankfurt am Main;Kreisfreie Stadt Frankfurt am Main;Hessen;50,111332;8,684408;;;"Onlinezahlungsverfahren;RFID-Karte";Keine Angabe;;;AC Typ 2 Steckdose;22;;;AC Typ 2 Steckdose;22;;;;;;;;;;;;;;;;;;
1048069;Mainova AG;Mainova AG;In Betrieb;Normalladeeinrichtung;2;22;23.05.2024;Domstraße;1;;60311;Frankfurt am Main;Kreisfreie Stadt Frankfurt am Main;Hessen;50,111332;8,684408;;;"Onlinezahlungsverfahren;RFID-Karte";Keine Angabe;;;AC Typ 2 Steckdose;22;;;AC Typ 2 Steckdose;22;;;;;;;;;;;;;;;;;;
1048070;Mainova AG;Mainova AG;In Betrieb;Normalladeeinrichtung;2;22;23.05.2024;Domstraße;1;;60311;Frankfurt am Main;Kreisfreie Stadt Frankfurt am Main;Hessen;50,111332;8,684408;;;"Onlinezahlungsverfahren;RFID-Karte";Keine Angabe;;;AC Typ 2 Steckdose;22;;;AC Typ 2 Steckdose;22;;;;;;;;;;;;;;;;;;
1048071;Mainova AG;Mainova AG;In Betrieb;Normalladeeinrichtung;2;22;23.05.2024;Domstraße;1;;60311;Frankfurt am Main;Kreisfreie Stadt Frankfurt am Main;Hessen;50,111332;8,684408;;;"Onlinezahlungsverfahren;RFID-Karte";Keine Angabe;;;AC Typ 2 Steckdose;22;;;AC Typ 2 Steckdose;22;;;;;;;;;;;;;;;;;;
1029508;Mainova AG;Mainova AG;In Betrieb;Normalladeeinrichtung;2;44;22.11.2018;Bethmannstraße;3;;60311;Frankfurt am Main;Kreisfreie Stadt Frankfurt am Main;Hessen;50,11053;8,680038;;;;Keine Angabe;;;AC Typ 2 Steckdose;22;;;AC Typ 2 Steckdose;22;;;;;;;;;;;;;;;;;;
1081903;eze.network GmbH;;In Betrieb;Normalladeeinrichtung;2;22;10.03.2023;Am Tiergarten Ecke Bärenstraße;13;;60385;Frankfurt am Main;Kreisfreie Stadt Frankfurt am Main;Hessen;50,114404;8,702435;;Keine Beschränkung;"Onlinezahlungsverfahren;Debitkarte (NFC);RFID-Karte";Keine Angabe;;;AC Typ 2 Steckdose;22;;;AC Typ 2 Steckdose;22;;;;;;;;;;;;;;;;;;
1040719;Städtische Werke AG;Städtische Werke AG;In Betrieb;Normalladeeinrichtung;2;22;02.08.2022;Am Lossewerk;8;;34123;Kassel;Kreisfreie Stadt Kassel;Hessen;51,315352;9,529095;;;"Onlinezahlungsverfahren;RFID-Karte";Keine Angabe;;;AC Typ 2 Steckdose;22;;;AC Typ 2 Steckdose;22;;;;;;;;;;;;;;;;;;
1067227;ESWE Versorgungs AG;;In Betrieb;Normalladeeinrichtung;2;44;24.06.2024;Am Ringwall;2;Rambach;65207;Wiesbaden;Kreisfreie Stadt Wiesbaden;Hessen;50,115567;8,274186;Am Burgacker;Keine Beschränkung;"RFID-Karte;Sonstige;Onlinezahlungsverfahren";247;"Montag; Dienstag; Mittwoch; Donnerstag; Freitag; Samstag; Sonntag";"00:00-23:59; 00:00-23:59; 00:00-23:59; 00:00-23:59; 00:00-23:59; 00:00-23:59; 00:00-23:59";AC Typ 2 Steckdose;22;DEESWE007301;3059301306072A8648CE3D020106082A8648CE3D0301070342000454A060FC289C3980C45149FF4ECB6940EEB95509CF235860F4FD278B6A64162155B9ACD2F6DC36DDAB277DB4C0E68E3C763BF8CBACFD9F31C845934325185FD0;AC Typ 2 Steckdose;22;DEESWE007302;3059301306072A8648CE3D020106082A8648CE3D03010703420004AA09A0F4E944AA3757C563AED44F7601C2BB1182042D10B54475FE8C192A3BB6F83466240DBAAE5143524AF80AF252E4EA57FE759FC33E65EE246DE377E0C95A;;;;;;;;;;;;;;;;
1039383;IONITY GmbH;;In Betrieb;Schnellladeeinrichtung;1;350;20.10.2018;Eichenzell;0;;36124;Eichenzell;Landkreis Fulda;Hessen;50,488351;9,708473;;;;Keine Angabe;;;DC Fahrzeugkupplung Typ Combo 2 (CCS);350;;;;;;;;;;;;;;;;;;;;;;
1014116;Energieservice Rhein-Main GmbH;ESRM;In Betrieb;Normalladeeinrichtung;2;22;02.02.2022;Konrad-Adenauer-Ring;44;Nord;65428;Rüsselsheim am Main;Landkreis Groß-Gerau;Hessen;49,96909;8,453353;;;"Onlinezahlungsverfahren;RFID-Karte";Keine Angabe;;;AC Typ 2 Steckdose;11;;;AC Typ 2 Steckdose;11;;;;;;;;;;;;;;;;;;
1053532;EAM Natur Energie GmbH;;In Betrieb;Normalladeeinrichtung;2;44;26.08.2016;Schelde Lahn Straße;1;;35688;Dillenburg/Oberscheld;Landkreis Lahn-Dill-Kreis;Hessen;50,731601;8,334235;;;;Keine Angabe;;;AC Typ 2 Steckdose;22;;;AC Typ 2 Steckdose;22;;;;;;;;;;;;;;;;;;
1130787;EnBW mobility+ AG und Co.KG ;;In Betrieb;Schnellladeeinrichtung;2;150;24.07.2025;Heddingheimer Str.;2;;65795;Hattersheim am Main;Landkreis Main-Taunus-Kreis;Hessen;50,071665;8,473989;;Keine Beschränkung;"Kreditkarte (Lesegerät);Kreditkarte (NFC);Debitkarte (Lesegerät);Debitkarte (NFC);Onlinezahlungsverfahren;RFID-Karte;Sonstige";Keine Angabe;;;DC Fahrzeugkupplung Typ Combo 2 (CCS);150;;;DC Fahrzeugkupplung Typ Combo 2 (CCS);150;;;;;;;;;;;;;;;;;;
1053603;EAM Natur Energie GmbH;;In Betrieb;Normalladeeinrichtung;1;11;13.02.2024;Sandstraße;23;;34212;Melsungen;Landkreis Schwalm-Eder-Kreis;Hessen;51,13375;9,542829;;;"Onlinezahlungsverfahren;RFID-Karte";Keine Angabe;;;AC Typ 2 Steckdose;11;;;;;;;;;;;;;;;;;;;;;;
1145965;eliso GmbH;eliso;In Betrieb;Schnellladeeinrichtung;2;200;09.12.2025;Glauberger Str.;45a;Eichhorn Baumarkt Parkplatz;63695;Glauburg;Landkreis Wetteraukreis;Hessen;50,321554;9,012595;eliso - Eichhorn Baumarkt - Glauburg - Stockheim;Keine Beschränkung;Kreditkarte (Lesegerät);247;"Montag; Dienstag; Mittwoch; Donnerstag; Freitag; Samstag; Sonntag";"00:00-23:59; 00:00-23:59; 00:00-23:59; 00:00-23:59; 00:00-23:59; 00:00-23:59; 00:00-23:59";DC Fahrzeugkupplung Typ Combo 2 (CCS);200;"DE*ELI*E3585575
";"3056301006072A8648CE3D020106052B8104000A03420004AB6E14479D623D50A82B1AFB4249AD88E564D92C536AEC3D8019F80EB9BE85BA8254CF8B1234E417D30193242EAE174FFB1EF7E6BFEE807E71A868F6364EB588
";DC Fahrzeugkupplung Typ Combo 2 (CCS);200;"DE*ELI*E3585578

";"3056301006072A8648CE3D020106052B8104000A034200041D1D61A259EE34C2D16DD5205CEF26463D80531CAFAAA322BD300E3DC00D5FA1B01D678512195BA50CE2F8FBF97870F707F5A2513770861C254EA8D09CBDB9EC
";;;;;;;;;;;;;;;;
1146990;Stadtwerke Rostock AG;Stadtwerke Rostock AG;In Betrieb;Normalladeeinrichtung;2;44;25.11.2025;Bahnhofstr.;0;Beim Kuhtor;18055;Rostock;Kreisfreie Stadt Rostock;Mecklenburg-Vorpommern;54,086754;12,144416;öffentliche LIS Bahnhofstraße (erste Ladesäule);Keine Beschränkung;"Onlinezahlungsverfahren;Plug & Charge;Sonstige";247;"Montag; Dienstag; Mittwoch; Donnerstag; Freitag; Samstag; Sonntag";"00:00-23:59; 00:00-23:59; 00:00-23:59; 00:00-23:59; 00:00-23:59; 00:00-23:59; 00:00-23:59";AC Typ 2 Steckdose;22;DE*HRO*E4257*01;DAAE 2C6D 2AB4 FF48 2CA7 54EB AF31 B4E3 75DB 2C62 7ACE 91A2 0EA9 0AC6 D06D 9E84 47C2 3203 F2A4 0861 187B 7A7D D598 37FF;AC Typ 2 Steckdose;22;DE*HRO*E4257*02;080D D7D5 9D62 EE96 BE74 BC26 A4E6 440A 626C 8F51 E77D 8C7D E0A8 9B0D 2880 B545 238E 5693 676E 5497 407F 6BFD 3739 A7D1 ;;;;;;;;;;;;;;;;
1043026;Allego GmbH;Allego;In Betrieb;Schnellladeeinrichtung;2;93;18.07.2018;Timmermanstrat;3;;18055;Rostock;Kreisfreie Stadt Rostock;Mecklenburg-Vorpommern;54,081446;12,192271;;;"Onlinezahlungsverfahren;RFID-Karte";Keine Angabe;;;"DC Fahrzeugkupplung Typ Combo 2 (CCS); DC CHAdeMO";"50; 50";DEALLEGO000517*1;;AC Typ 2 Fahrzeugkupplung;43;DEALLEGO000517*2;;;;;;;;;;;;;;;;;
1147671;Pfalzwerke AG;Pfalzwerke AG;In Betrieb;Schnellladeeinrichtung;2;400;10.12.2025;Globusring;2;;18184;Roggentin;Landkreis Rostock;Mecklenburg-Vorpommern;54,076981;12,203128;Globus Roggentin (ALP22541X01551);Keine Beschränkung;"Kreditkarte (Lesegerät);Kreditkarte (NFC);Debitkarte (Lesegerät);Debitkarte (NFC);Onlinezahlungsverfahren;RFID-Karte;Sonstige";247;"Montag; Dienstag; Mittwoch; Donnerstag; Freitag; Samstag; Sonntag";"00:00-23:59; 00:00-23:59; 00:00-23:59; 00:00-23:59; 00:00-23:59; 00:00-23:59; 00:00-23:59";DC Fahrzeugkupplung Typ Combo 2 (CCS);400;"DE*PWA*EALP22541X01551*01
";;DC Fahrzeugkupplung Typ Combo 2 (CCS);400;"DE*PWA*EALP22541X01551*02
";;;;;;;;;;;;;;;;;
1121266;BS|ENERGY, Braunschweiger Versorgungs-AG & Co. KG;BS|ENERGY;In Betrieb;Schnellladeeinrichtung;2;72;10.02.2025;Friedrich-Wilhelm-Platz;0;Parkdeck Braunschweigische Landessparkasse / Okerinsel;38100;Braunschweig;Kreisfreie Stadt Braunschweig;Niedersachsen;52,25888;10,519269;BS|ENERGY Okerinsel;Nur für Kunden/Besucher;"Kreditkarte (Lesegerät);Debitkarte (Lesegerät);Onlinezahlungsverfahren;RFID-Karte";247;"Montag; Dienstag; Mittwoch; Donnerstag; Freitag; Samstag; Sonntag";"00:00-23:59; 00:00-23:59; 00:00-23:59; 00:00-23:59; 00:00-23:59; 00:00-23:59; 00:00-23:59";DC Fahrzeugkupplung Typ Combo 2 (CCS);50;;;AC Typ 2 Steckdose;22;;;;;;;;;;;;;;;;;;
1036575;BS|ENERGY, Braunschweiger Versorgungs-AG & Co. KG;BS|ENERGY;In Betrieb;Normalladeeinrichtung;2;30;28.03.2023;Theaterwall;1;;38100;Braunschweig;Kreisfreie Stadt Braunschweig;Niedersachsen;52,266288;10,530928;;;"Onlinezahlungsverfahren;RFID-Karte";Keine Angabe;;;AC Typ 2 Steckdose;22;;1460 7b0b 0c5c 61ad 0cbc 7908 a92a 1d37 17c7 8597 5747 31f8 67f2 1caf cd6c 8c3f d087 9f25 d094 6606 0a91 8252 1903 0c13;AC Typ 2 Steckdose;22;;73ea e9f3 01cd d22b 8dca 4d79 10a3 f260 ed02 cf92 642d dc5a 69c0 8623 de96 46e3 6b21 340b 48d1 a924 1e4a b625 215b 2763;;;;;;;;;;;;;;;;
1038892;BS|ENERGY, Braunschweiger Versorgungs-AG & Co. KG;BS|ENERGY;In Betrieb;Normalladeeinrichtung;2;44;07.05.2024;Hermann-Blenk-Str.;3;;38108;Braunschweig;Kreisfreie Stadt Braunschweig;Niedersachsen;52,314271;10,55776;BS|ENERGY Parkhaus Forschungsflughafen;Keine Beschränkung;"Onlinezahlungsverfahren;RFID-Karte";247;"Montag; Dienstag; Mittwoch; Donnerstag; Freitag; Samstag; Sonntag";"00:00-23:59; 00:00-23:59; 00:00-23:59; 00:00-23:59; 00:00-23:59; 00:00-23:59; 00:00-23:59";AC Typ 2 Steckdose;22;;;AC Typ 2 Steckdose;22;;;;;;;;;;;;;;;;;;
1115089;Q1 Energie AG;Q1 Autostrom;In Betrieb;Schnellladeeinrichtung;2;50;10.10.2024;Hiärm-Grupe-Str.;8;;49080;Osnabrück;Kreisfreie Stadt Osnabrück;Niedersachsen;52,267561;8,025449; Osnabrück, OSC II;Keine Beschränkung;"Onlinezahlungsverfahren;RFID-Karte;Kreditkarte (NFC);Kreditkarte (Lesegerät);Debitkarte (Lesegerät);Debitkarte (NFC)";247;"Montag; Dienstag; Mittwoch; Donnerstag; Freitag; Samstag; Sonntag";"00:00-23:59; 00:00-23:59; 00:00-23:59; 00:00-23:59; 00:00-23:59; 00:00-23:59; 00:00-23:59";DC Fahrzeugkupplung Typ Combo 2 (CCS);50;DE*Q1A*E48140010;;DC Fahrzeugkupplung Typ Combo 2 (CCS);50;DE*Q1A*E48140011;;;;;;;;;;;;;;;;;
1043561;Allego GmbH;Allego;In Betrieb;Schnellladeeinrichtung;2;150;15.09.2023;Lange Str.;33C;;38448;Wolfsburg;Kreisfreie Stadt Wolfsburg;Niedersachsen;52,423783;10,732218;;Keine Beschränkung;"Kreditkarte (Lesegerät);Onlinezahlungsverfahren;RFID-Karte;Plug & Charge";247;"Montag; Dienstag; Mittwoch; Donnerstag; Freitag; Samstag; Sonntag";"00:00-23:59; 00:00-23:59; 00:00-23:59; 00:00-23:59; 00:00-23:59; 00:00-23:59; 00:00-23:59";DC Fahrzeugkupplung Typ Combo 2 (CCS);150;DEALLEGO002907*1;3056301006072A8648CE3D020106052B8104000A03420004E91D5E5F104CBA0AAE9F6C768BECD479BECC3EF555EEEE43EE6F24C4D337820161C9398A2123F6074F2E2F4FB5CC23DE60EE4E5BC01800FBB161B3F9AB1232E0;DC Fahrzeugkupplung Typ Combo 2 (CCS);150;DEALLEGO002907*2;3056301006072A8648CE3D020106052B8104000A03420004647781CD6392ABFD01C3385CD5A709E105ADCC618B951D26F4F58E607114570AD6AF9B942336EC0C23903BE06483B29DAA238C191FCF6697672CD477BB24448B;;;;;;;;;;;;;;;;
1021298;EWE Go GmbH;EWE Go GmbH;In Betrieb;Normalladeeinrichtung;2;44;10.10.2018;Poststr.;17;;27639;Wurster Nordseeküste;Landkreis Cuxhaven;Niedersachsen;53,68597;8,563575;EWE_0344;Keine Beschränkung;"RFID-Karte;Onlinezahlungsverfahren";247;"Montag; Dienstag; Mittwoch; Donnerstag; Freitag; Samstag; Sonntag";"00:00-23:59; 00:00-23:59; 00:00-23:59; 00:00-23:59; 00:00-23:59; 00:00-23:59; 00:00-23:59";AC Typ 2 Steckdose;22;DE*2GO*E0344*1 ;;AC Typ 2 Steckdose;22;DE*2GO*E0344*2;;;;;;;;;;;;;;;;;
1151849;Wirelane Public 1 GmbH;Wirelane GmbH;In Betrieb;Normalladeeinrichtung;2;22;16.05.2025;Mennhausen;5;;26419;Schortens;Landkreis Friesland;Niedersachsen;53,551818;8,036493;;Keine Beschränkung;"Kreditkarte (NFC);Debitkarte (NFC);Onlinezahlungsverfahren;RFID-Karte";Keine Angabe;;;AC Typ 2 Steckdose;11;DE*WLN*ES001421;DF45 4F24 7DBC 6353 C939 4127 5DC3 27B3 2333 0839 60A1 7300 BD6A E543 D0C8 C6CC E13F 002D E14A 13FC BCBC F317 9E1E 8982;AC Typ 2 Steckdose;11;DE*WLN*ES001422;71C7 C6D3 E311 CCF2 6E16 00C6 CFEF 86FD 9C41 2C1E 875B 5D14 1D63 D7E0 6848 5070 437A 7894 C240 597C CC37 70C0 85A9 CF6B;;;;;;;;;;;;;;;;
1069664;Stadtwerke Bad Pyrmont Parkhaus GmbH;Stadtwerke Bad Pyrmont;In Betrieb;Normalladeeinrichtung;2;22;10.09.2018;Forstweg;17;;31812;Bad Pyrmont;Landkreis Hameln-Pyrmont;Niedersachsen;51,991034;9,257888;;;;Keine Angabe;;;AC Typ 2 Steckdose;22;;;AC Typ 2 Steckdose;22;;;;;;;;;;;;;;;;;;
1109461;E.ON Drive Germany GmbH;E.ON Drive GmbH;In Betrieb;Normalladeeinrichtung;1;11;09.08.2024;Am neuen Horizont;1;;31177;Harsum;Landkreis Hildesheim;Niedersachsen;52,21213;9,97162;;Keine Beschränkung;"Onlinezahlungsverfahren;RFID-Karte";247;"Montag; Dienstag; Mittwoch; Donnerstag; Freitag; Samstag; Sonntag";"00:00-23:59; 00:00-23:59; 00:00-23:59; 00:00-23:59; 00:00-23:59; 00:00-23:59; 00:00-23:59";AC Typ 2 Steckdose;11;;;;;;;;;;;;;;;;;;;;;;
1092787;Deutsche Primärenergie GmbH;;In Betrieb;Normalladeeinrichtung;2;22;15.11.2023;Harderberger Weg;18;;49124;Georgsmarienhütte;Landkreis Osnabrück;Niedersachsen;52,217266;8,053362;;;"Kreditkarte (NFC);Onlinezahlungsverfahren;RFID-Karte;Sonstige";Keine Angabe;;;AC Typ 2 Fahrzeugkupplung;22;;;AC Typ 2 Fahrzeugkupplung;22;;;;;;;;;;;;;;;;;;
1131654;enercity AG;enercity AG;In Betrieb;Normalladeeinrichtung;2;44;31.07.2025;Dunantstr.;1;;30179;Hannover;Landkreis Region Hannover;Niedersachsen;52,415806;9,761137;;Keine Beschränkung;"Kreditkarte (NFC);Debitkarte (NFC);Onlinezahlungsverfahren;RFID-Karte;Sonstige";247;"Montag; Dienstag; Mittwoch; Donnerstag; Freitag; Samstag; Sonntag";"00:00-23:59; 00:00-23:59; 00:00-23:59; 00:00-23:59; 00:00-23:59; 00:00-23:59; 00:00-23:59";AC Typ 2 Steckdose;22;DE*ENC*ELA001306*001*A;;AC Typ 2 Steckdose;22;DE*ENC*ELA001306*001*B;;;;;;;;;;;;;;;;;
1079593;Volkswagen AG, Standort Braunschweig;;In Betrieb;Normalladeeinrichtung;2;22;09.06.2022;Hohes Feld;4;Barsinghausen Mitarbeiterparkplatz;30890;Barsinghausen;Landkreis Region Hannover;Niedersachsen;52,379307;9,477866;;;"Onlinezahlungsverfahren;RFID-Karte;Sonstige";Keine Angabe;;;AC Typ 2 Fahrzeugkupplung;11;;;AC Typ 2 Fahrzeugkupplung;11;;;;;;;;;;;;;;;;;;
1136828;E.ON Drive Germany GmbH;E.ON Drive GmbH;In Betrieb;Normalladeeinrichtung;1;22;17.03.2022;Alter Postweg;13-15;;21614;Buxtehude;Landkreis Stade;Niedersachsen;53,466666;9,709224;;Keine Beschränkung;"RFID-Karte;Onlinezahlungsverfahren";Keine Angabe;;;AC Typ 2 Steckdose;22;DE*SRS*E2290145*1;;;;;;;;;;;;;;;;;;;;;
1031208;EMERGY Führungs- und Servicegesellschaft mbH;;In Betrieb;Normalladeeinrichtung;2;44;31.08.2020;De Wynen Gasse;0;;46325;Borken;Kreis Borken;Nordrhein-Westfalen;51,844718;6,857963;;;;Keine Angabe;;;AC Typ 2 Steckdose;22;;;AC Typ 2 Steckdose;22;;;;;;;;;;;;;;;;;;
1031246;EMERGY Führungs- und Servicegesellschaft mbH;;In Betrieb;Schnellladeeinrichtung;2;300;09.10.2023;Mönkestiege;0;;46325;Borken;Kreis Borken;Nordrhein-Westfalen;51,842762;6,860558;;;Onlinezahlungsverfahren;Keine Angabe;;;DC Fahrzeugkupplung Typ Combo 2 (CCS);300;;3056301006072A8648CE3D020106052B8104000A03420004AEE6A00F8D488FCE7C7554206553E20B5A51F370B166251B5E3F8E7AFDFFFC177F6A86AED03A44D8C3E0F257FBA7B0D4B28CC46C799BE0BFC3D51984F54E0D4C;DC Fahrzeugkupplung Typ Combo 2 (CCS);300;;3056301006072A8648CE3D020106052B8104000A03420004C9349800CE4B1742B1CB47AEF96DB36DD0575BD5A8B8A9C1CFFB26CB64288E346B1C48BCE4D1F41E1B90266267C0A77F279CA74EFFDF9568563D9916A843AF4B;;;;;;;;;;;;;;;;
1113976;Fabian Göring;;In Betrieb;Normalladeeinrichtung;1;22;01.02.2022;Sonnenbrink;30;;46325;Borken;Kreis Borken;Nordrhein-Westfalen;51,825626;6,859669;;;"Onlinezahlungsverfahren;RFID-Karte";Keine Angabe;;;AC Typ 2 Steckdose;22;;;;;;;;;;;;;;;;;;;;;;
1121743;e-regio GmbH & Co. KG;e-regio;In Betrieb;Normalladeeinrichtung;2;44;01.04.2025;Kreuzstr.;3;Parkplatz;52351;Düren;Kreis Düren;Nordrhein-Westfalen;50,808369;6,485451;Düren Volksbank;Keine Beschränkung;"Onlinezahlungsverfahren;RFID-Karte;Sonstige";Keine Angabe;;;AC Typ 2 Steckdose;22;DE*ERE*E0120*00L;;AC Typ 2 Steckdose;22;DE*ERE*E0120*00R;;;;;;;;;;;;;;;;;
1021663;EWE Go GmbH;EWE Go GmbH;In Betrieb;Schnellladeeinrichtung;2;150;13.12.2021;Bielefelder Str.;57;;33378;Rheda-Wiedenbrück;Kreis Gütersloh;Nordrhein-Westfalen;51,843258;8,317584;McD_0478;Keine Beschränkung;"Kreditkarte (Lesegerät);Kreditkarte (NFC);Debitkarte (Lesegerät);Debitkarte (NFC);RFID-Karte";247;"Montag; Dienstag; Mittwoch; Donnerstag; Freitag; Samstag; Sonntag";"00:00-23:59; 00:00-23:59; 00:00-23:59; 00:00-23:59; 00:00-23:59; 00:00-23:59; 00:00-23:59";DC Fahrzeugkupplung Typ Combo 2 (CCS);150;DE*2GO*EMCD0478*1A*1 ;3056301006072A8648CE3D020106052B8104000A03420004CEB344F7C11709D36DCFED260257CE22EE328F76C43C8746F8C51BCE27C5422C3B1DFB9BC961588C0DE33C567EB909C47396E3E0DBE1DCD9FDB37ADB09AD26B5;DC Fahrzeugkupplung Typ Combo 2 (CCS);150;DE*2GO*EMCD0478*1A*2;3056301006072A8648CE3D020106052B8104000A03420004D4A8FB630857B1B9204731414B007B97CEE33257FA2903C8A5A3CBA4130F36F33812CF4E49BA09237BF7B06641ED43F53BD78576121A60D5435068FF0DE121E7;;;;;;;;;;;;;;;;
1012976;Westenergie Metering GmbH;Westenergie Metering GmbH;In Betrieb;Normalladeeinrichtung;2;44;06.05.2020;Rimbergweg;6;;59955;Winterberg;Kreis Hochsauerlandkreis;Nordrhein-Westfalen;51,257725;8,529648;;;"Onlinezahlungsverfahren;RFID-Karte;Plug & Charge";Keine Angabe;;;AC Typ 2 Steckdose;22;;;AC Typ 2 Steckdose;22;;;;;;;;;;;;;;;;;;
1128081;Mark-E Aktiengesellschaft;Mark-E AG;In Betrieb;Normalladeeinrichtung;2;44;26.05.2025;Spormecke;2;Wander-Parkplatz Spormecke;58579;Schalksmühle;Kreis Märkischer Kreis;Nordrhein-Westfalen;51,25849;7,57034;;Keine Beschränkung;"RFID-Karte;Onlinezahlungsverfahren";247;"Montag; Dienstag; Mittwoch; Donnerstag; Freitag; Samstag; Sonntag";"00:00-23:59; 00:00-23:59; 00:00-23:59; 00:00-23:59; 00:00-23:59; 00:00-23:59; 00:00-23:59";AC Typ 2 Steckdose;22;DEMKEE023001;;AC Typ 2 Steckdose;22;DEMKEE023002;;;;;;;;;;;;;;;;;
1055144;BP Europa SE;Aral Pulse;In Betrieb;Schnellladeeinrichtung;2;150;28.09.2023;Isenstedter Straße;139;;32339;Espelkamp;Kreis Minden-Lübbecke;Nordrhein-Westfalen;52,37393;8,634729;;;"Onlinezahlungsverfahren;RFID-Karte";Keine Angabe;;;DC Fahrzeugkupplung Typ Combo 2 (CCS);150;;;DC Fahrzeugkupplung Typ Combo 2 (CCS);150;;;;;;;;;;;;;;;;;;
1028508;Westfalen Weser Ladeservice GmbH;Westfalen Weser Ladeservice GmbH;In Betrieb;Normalladeeinrichtung;2;44;26.08.2022;Heimatstr.;5;;33175;Bad Lippspringe;Kreis Paderborn;Nordrhein-Westfalen;51,783075;8,829864;65100;Keine Beschränkung;"Onlinezahlungsverfahren;RFID-Karte;Sonstige";Keine Angabe;;;AC Typ 2 Steckdose;22;DE*WWL*E65101*04;;AC Typ 2 Steckdose;22;DE*WWL*E65101*05;;;;;;;;;;;;;;;;;
1048796;Lidl Dienstleistung GmbH & Co. KG;Lidl;In Betrieb;Schnellladeeinrichtung;3;71;05.09.2022;Herriger Str.;29;;50374;Erftstadt;Kreis Rhein-Erft-Kreis;Nordrhein-Westfalen;50,800279;6,760498;1712_Lidl_Erfstadt_T65-IT1-1022-147;Keine Beschränkung;Onlinezahlungsverfahren;Keine Angabe;;;DC Fahrzeugkupplung Typ Combo 2 (CCS);60;;"MFkwEwYHKoZIzj0CAQYIKoZIzj0DAQcDQgAEAdsWIpMl5zn4l8XQEVwTmpenRfIEn9aNHsLaZSjmluw4E1bdt8PYFjjEgl5Q4+1pQjT0/IVfxARk0jA/vrrRUw==
";AC Typ 2 Fahrzeugkupplung;11;;"uju/jD6NR0BuieHBNL7Y/T38xWy2wtRlwky17NHOwYXKpRbaevPNypmMw9uUajO1
";DC Fahrzeugkupplung Typ Combo 2 (CCS);60;;"MFkwEwYHKoZIzj0CAQYIKoZIzj0DAQcDQgAEWciSqZCk/Tiwz0+nOH4aMDjDwJasJkEhcNqNfZ0rLwL7oxS2g8+l+vuWbobV7i/DGmpkiXRFHm9Fdqc3xnRdyg==
";;;;;;;;;;;;
1129998;Team-Emobility GmbH;Team-Emobility GmbH;In Betrieb;Normalladeeinrichtung;2;22;10.10.2024;Rheinallee;3;;53639;Königswinter;Kreis Rhein-Sieg-Kreis;Nordrhein-Westfalen;50,6715;7,194076;;Keine Beschränkung;"Onlinezahlungsverfahren;RFID-Karte";Keine Angabe;;;AC Typ 2 Steckdose;11;;;AC Typ 2 Steckdose;11;;;;;;;;;;;;;;;;;;
1053065;Aachener Parkhaus GmbH;Aachener Parkhaus GmbH;In Betrieb;Normalladeeinrichtung;2;22;13.06.2022;Monheimsallee;44;;52062;Aachen;Kreis Städteregion Aachen;Nordrhein-Westfalen;50,780654;6,09267;;;"Debitkarte (NFC);RFID-Karte;Sonstige";Keine Angabe;;;AC Typ 2 Steckdose;11;;;AC Typ 2 Steckdose;11;;;;;;;;;;;;;;;;;;
1068342;RheiNet GmbH;;In Betrieb;Normalladeeinrichtung;2;44;22.08.2024;Siedlerstr.;7;Parkstreifen;48429;Rheine;Kreis Steinfurt;Nordrhein-Westfalen;52,287378;7,474261;Siedlerstraße / Parkstreifen;Keine Beschränkung;"RFID-Karte;Onlinezahlungsverfahren";247;"Montag; Dienstag; Mittwoch; Donnerstag; Freitag; Samstag; Sonntag";"00:00-23:59; 00:00-23:59; 00:00-23:59; 00:00-23:59; 00:00-23:59; 00:00-23:59; 00:00-23:59";AC Typ 2 Steckdose;22;;"3059 3013 0607 2A86 48CE 3D02 0106 082A 8648 CE3D 0301 0703 4200 0479 9788 0DBC 193F 9CCE 5B14 1F7C 5F3A 5B38 15C1 BDD1 2038 8D4C CC2C 5055 801F 1FEA E2A5 0F93 57F8 5C2D 3990 D340 ABBF 0E5F 40E8 4D9B F623 204A 55FA DA11 B1B9 D2
";AC Typ 2 Steckdose;22;;"3059 3013 0607 2A86 48CE 3D02 0106 082A 8648 CE3D 0301 0703 4200 04CF 8C4C 0DB3 1F91 3BE2 45DB 299B 7A4F 0801 1A48 EBF5 66BE 4C17 7E5E 0D5B C8E2 F772 C669 2D89 539A BDF4 C4BE 1D9D 149F 4F9F F494 9810 9AAF 073B 5C3D 6ED2 E8D3 47
";;;;;;;;;;;;;;;;
1085102;Julia  Möllerherm;;In Betrieb;Normalladeeinrichtung;1;11;21.09.2022;Gerretsfeld ;70;;41748;Viersen;Kreis Viersen;Nordrhein-Westfalen;51,235117;6,423733;;;Bargeld;Keine Angabe;;;AC Typ 2 Fahrzeugkupplung;11;;;;;;;;;;;;;;;;;;;;;;
1113283;Tesla Germany GmbH;;In Betrieb;Schnellladeeinrichtung;1;250;20.04.2023;Krefelder Str.;169;;47447;Moers;Kreis Wesel;Nordrhein-Westfalen;51,441793;6,61181;;Keine Beschränkung;"Kreditkarte (NFC);Debitkarte (NFC);Onlinezahlungsverfahren";247;"Montag; Dienstag; Mittwoch; Donnerstag; Freitag; Samstag; Sonntag";"00:00-23:59; 00:00-23:59; 00:00-23:59; 00:00-23:59; 00:00-23:59; 00:00-23:59; 00:00-23:59";DC Fahrzeugkupplung Typ Combo 2 (CCS);250;DE*TSL*E0NSC4A;04E441F27A1F67C64A4C7A7A9B297428E9744C4E1C50EAF41845498E4D5C2F6F112A4C42D20CBFFC198F097F1C8781BB1561F61E3FB6D71B241E8D9388C83B918C;;;;;;;;;;;;;;;;;;;;
1077594;HOCHTIEF Ladepartner GmbH;HOCHTIEF Ladepartner GmbH;In Betrieb;Normalladeeinrichtung;2;22;24.09.2024;Wattenscheider Hellweg;154;;44867;Bochum;Kreisfreie Stadt Bochum;Nordrhein-Westfalen;51,461451;7,146623;HTL - Wattenscheider Hellweg 154 - Bochum;Keine Beschränkung;"Onlinezahlungsverfahren;RFID-Karte";247;"Montag; Dienstag; Mittwoch; Donnerstag; Freitag; Samstag; Sonntag";"00:00-23:59; 00:00-23:59; 00:00-23:59; 00:00-23:59; 00:00-23:59; 00:00-23:59; 00:00-23:59";AC Typ 2 Steckdose;22;DE*HTL*E100103*1;AKKZ P2CL RHS6 OCMW AZR2 CPFD GO42 DM74 ELX7 Z56L;AC Typ 2 Steckdose;22;DE*HTL*E100103*2;AOFC DFHD G6ST 6DPT 6IUQ JDQB G7TS MPRH SJQA DWOW;;;;;;;;;;;;;;;;
1148245;Dortmunder Energie- und Wasserversorgung GmbH;;In Betrieb;Normalladeeinrichtung;1;11;23.06.2025;Betenstr.;15;;44137;Dortmund;Kreisfreie Stadt Dortmund;Nordrhein-Westfalen;51,512121;7,467095;DEW21 - Betenstr.;Keine Beschränkung;"RFID-Karte;Onlinezahlungsverfahren;Sonstige";247;"Montag; Dienstag; Mittwoch; Donnerstag; Freitag; Samstag; Sonntag";"00:00-23:59; 00:00-23:59; 00:00-23:59; 00:00-23:59; 00:00-23:59; 00:00-23:59; 00:00-23:59";AC Typ 2 Steckdose;11;DE*DEW*E00957*001;;;;;;;;;;;;;;;;;;;;;
1155869;HOCHTIEF Ladepartner GmbH;HOCHTIEF Ladepartner GmbH;In Betrieb;Normalladeeinrichtung;2;22;07.05.2026;Kolpingstr.;127;;47166;Duisburg;Kreisfreie Stadt Duisburg;Nordrhein-Westfalen;51,489907;6,769636;HTL - Kolpingstraße 127 - Duisburg;Keine Beschränkung;"Onlinezahlungsverfahren;RFID-Karte";247;"Montag; Dienstag; Mittwoch; Donnerstag; Freitag; Samstag; Sonntag";"00:00-23:59; 00:00-23:59; 00:00-23:59; 00:00-23:59; 00:00-23:59; 00:00-23:59; 00:00-23:59";AC Typ 2 Steckdose;22;DE*HTL*E100423*1; AIGS BPC4 4XJJ UIRP HWP5 QC5N RFQG NOAW AI46 MZKV;AC Typ 2 Steckdose;22;DE*HTL*E100423*2;ANHF 6ZQP CZLZ C6RR 37VA UEGA LUXE ZJXD A2KA BEO6;;;;;;;;;;;;;;;;
1000446;Stadtwerke Düsseldorf AG;SWD AG;In Betrieb;Normalladeeinrichtung;2;44;25.10.2023;Grimmstraße;40;;40235;Düsseldorf;Kreisfreie Stadt Düsseldorf;Nordrhein-Westfalen;51,241024;6,825727;;;"Onlinezahlungsverfahren;RFID-Karte";Keine Angabe;;;AC Typ 2 Steckdose;22;;;AC Typ 2 Steckdose;22;;;;;;;;;;;;;;;;;;
1012932;Westenergie Metering GmbH;Westenergie Metering GmbH;In Betrieb;Normalladeeinrichtung;2;44;29.11.2019;Steeler Str.;300;;45138;Essen;Kreisfreie Stadt Essen;Nordrhein-Westfalen;51,447679;7,040669;;;"Onlinezahlungsverfahren;RFID-Karte;Plug & Charge";Keine Angabe;;;AC Typ 2 Steckdose;22;;;AC Typ 2 Steckdose;22;;;;;;;;;;;;;;;;;;
1157271;HOCHTIEF Ladepartner GmbH;HOCHTIEF Ladepartner GmbH;In Betrieb;Normalladeeinrichtung;2;22;11.05.2026;Am Ruhmbach;2;;44627;Herne;Kreisfreie Stadt Herne;Nordrhein-Westfalen;51,534435;7,261039;HTL - Am Ruhmbach 2 - Herne;Keine Beschränkung;"RFID-Karte;Onlinezahlungsverfahren";247;"Montag; Dienstag; Mittwoch; Donnerstag; Freitag; Samstag; Sonntag";"00:00-23:59; 00:00-23:59; 00:00-23:59; 00:00-23:59; 00:00-23:59; 00:00-23:59; 00:00-23:59";AC Typ 2 Steckdose;22;DE*HTL*E100489*1;AIYR GCXD QL64 UMGL XLSB RRVX FNKN 2JUG 4ASD ZJ6A;AC Typ 2 Steckdose;22;DE*HTL*E100489*2;AMWA IHIK QCPV SWZI QHNW WUPG O27H LWKP QLSJ V2AO;;;;;;;;;;;;;;;;
1164556;TankE GmbH;;In Betrieb;Normalladeeinrichtung;2;44;04.07.2024;Bachemer Landstr.;420;;50935;Köln;Kreisfreie Stadt Köln;Nordrhein-Westfalen;50,91933;6,887848;;Keine Beschränkung;"RFID-Karte;Onlinezahlungsverfahren";247;"Montag; Dienstag; Mittwoch; Donnerstag; Freitag; Samstag; Sonntag";"00:00-23:59; 00:00-23:59; 00:00-23:59; 00:00-23:59; 00:00-23:59; 00:00-23:59; 00:00-23:59";AC Typ 2 Steckdose;22;;"562b e906 22fe 7d6b 517b 4176
1010 07d0 c613 f2ce b0e9 f5c0
e776 9d33 3272 48ad 662c 6a50
8b00 673c 5e2e 2775 f35b a4ec";AC Typ 2 Steckdose;22;;"ef6a edf6 0179 e6f0 abc0 5ad9
2444 ddec 360e 8cbf 3fc1 5ca1
6f49 09f6 9522 1814 a09f 3454
e5fe 4adc 6cca 9e79 f3fd 3dbf";;;;;;;;;;;;;;;;
1035601;ALDI SÜD Immobilienverwaltungs-GmbH & Co. oHG;ALDI SÜD;In Betrieb;Normalladeeinrichtung;2;44;01.12.2020;Monschauer Straße;42;;41068;Mönchengladbach;Kreisfreie Stadt Mönchengladbach;Nordrhein-Westfalen;51,192199;6,407126;;;"Kreditkarte (NFC);Debitkarte (NFC);RFID-Karte";Keine Angabe;;;AC Typ 2 Steckdose;22;;;AC Typ 2 Steckdose;22;;;;;;;;;;;;;;;;;;
1148751;Energieversorgung Oberhausen AG;;In Betrieb;Normalladeeinrichtung;2;44;11.12.2024;Ulmenstr.;45;;46049;Oberhausen;Kreisfreie Stadt Oberhausen;Nordrhein-Westfalen;51,478991;6,82759;;Keine Beschränkung;"Plug & Charge;RFID-Karte;Onlinezahlungsverfahren";247;"Montag; Dienstag; Mittwoch; Donnerstag; Freitag; Samstag; Sonntag";"00:00-23:59; 00:00-23:59; 00:00-23:59; 00:00-23:59; 00:00-23:59; 00:00-23:59; 00:00-23:59";AC Typ 2 Steckdose;22;DE*TOB*E000096*1;6FE2 A799 6C7F 6CEF C765 18E2 CF66 926B 09F6 64B7 E0E6 2BD1 DBAC 8D3F D00B FD11 A1BF A1D7 52CA 4E98 0531 FF0C 64A3 0A80;AC Typ 2 Steckdose;22;DE*TOB*E000096*2;CA6C EF63 8FE8 66CD B4EE 4E7B 292A 3A37 913E 2A96 E676 427B 4454 425D 9763 6A6E A2C1 6332 3DD5 0C57 4CFD E1AE 2691 D6B8;;;;;;;;;;;;;;;;
1050614;Pfalzwerke AG;Pfalzwerke AG;In Betrieb;Normalladeeinrichtung;2;22;08.08.2022;Am Edigheimer Schlag;0;;67227;Frankenthal;Kreisfreie Stadt Frankenthal (Pfalz);Rheinland-Pfalz;49,549283;8,397489;;;"Onlinezahlungsverfahren;RFID-Karte;Sonstige";Keine Angabe;;;AC Typ 2 Steckdose;22;;;AC Typ 2 Steckdose;22;;;;;;;;;;;;;;;;;;
1050728;Pfalzwerke AG;Pfalzwerke AG;In Betrieb;Schnellladeeinrichtung;2;150;12.06.2023;Am Edigheimer Schlag;0;;67227;Frankenthal;Kreisfreie Stadt Frankenthal (Pfalz);Rheinland-Pfalz;49,549283;8,397489;;;"Onlinezahlungsverfahren;RFID-Karte;Sonstige";Keine Angabe;;;DC Fahrzeugkupplung Typ Combo 2 (CCS);150;;;DC Fahrzeugkupplung Typ Combo 2 (CCS);150;;;;;;;;;;;;;;;;;;
1128585;Tesla Germany GmbH;;In Betrieb;Schnellladeeinrichtung;1;250;17.06.2025;Merkurstr.;57;;67663;Kaiserslautern;Kreisfreie Stadt Kaiserslautern;Rheinland-Pfalz;49,441795;7,707755;;Keine Beschränkung;"Kreditkarte (NFC);Debitkarte (NFC);Onlinezahlungsverfahren";247;"Montag; Dienstag; Mittwoch; Donnerstag; Freitag; Samstag; Sonntag";"00:00-23:59; 00:00-23:59; 00:00-23:59; 00:00-23:59; 00:00-23:59; 00:00-23:59; 00:00-23:59";DC Fahrzeugkupplung Typ Combo 2 (CCS);250;DE*TSL*E1B841E;04BB74929B7338A31921A493F3FB7F87172F562D20BC1E7AE73BD6459C52FAE8C22DD3F0F08239586FD193CC6EFCD494B143768B9F1B68CB89A140F46A6DFEC2CB;;;;;;;;;;;;;;;;;;;;
1164673;Servipark Deutschland GmbH;;In Betrieb;Normalladeeinrichtung;1;11;21.08.2026;Mühlturmstr.;24;Contipark Tiefgarage Postgalerie Speyer;67346;Speyer;Kreisfreie Stadt Speyer;Rheinland-Pfalz;49,31771;8,42955;Contipark Tiefgarage Postgalerie Speyer D935 Wallbox 12;Nur für Kunden/Besucher;"RFID-Karte;Sonstige;Onlinezahlungsverfahren";247;"Montag; Dienstag; Mittwoch; Donnerstag; Freitag; Samstag; Sonntag";"00:00-23:59; 00:00-23:59; 00:00-23:59; 00:00-23:59; 00:00-23:59; 00:00-23:59; 00:00-23:59";AC Typ 2 Steckdose;11;DE-CTP-E303500-12-1;;;;;;;;;;;;;;;;;;;;;
1144306;E.ON Drive Infrastructure GmbH;E.ON Drive Infrastructure;In Betrieb;Schnellladeeinrichtung;2;300;16.12.2025;Hof Breit;0;;54516;Wittlich;Landkreis Bernkastel-Wittlich;Rheinland-Pfalz;49,970101;6,862349;;Keine Beschränkung;"Kreditkarte (Lesegerät);Kreditkarte (NFC);Debitkarte (Lesegerät);Debitkarte (NFC);Onlinezahlungsverfahren;RFID-Karte";247;"Montag; Dienstag; Mittwoch; Donnerstag; Freitag; Samstag; Sonntag";"00:00-23:59; 00:00-23:59; 00:00-23:59; 00:00-23:59; 00:00-23:59; 00:00-23:59; 00:00-23:59";DC Fahrzeugkupplung Typ Combo 2 (CCS);300;"DE*UFC*E00468*1
";"3056301006072A8648CE3D020106052B8104000A03420004B26637EA7B916A6DEBB59130C10726246091DFCC7C400CD6493A17FBEA515D813FC463A132BB160636F83534443712C90CAA757D5784144EAF577DA51C86B3AD
";DC Fahrzeugkupplung Typ Combo 2 (CCS);300;"DE*UFC*E00468*2
";"3056301006072A8648CE3D020106052B8104000A03420004FB78295BE2451C2A8A73CC7FB61FFD7C73E2784A8808E6AD22B8A4996F30398476EFB5E2EA02729D2B06766A01C9238079AB31FABD502442C05CFF18D1E42DDD
";;;;;;;;;;;;;;;;
1000659;Energie- und Wasserversorgung Bonn/Rhein-Sieg GmbH;;In Betrieb;Normalladeeinrichtung;2;44;09.09.2019;Asbacher Straße;119;;53545;Linz;Landkreis Neuwied;Rheinland-Pfalz;50,573929;7,292568;;;Onlinezahlungsverfahren;Keine Angabe;;;AC Typ 2 Steckdose;22;;91e1 4086 056b 9631 73d3 6720 8eee 0462 e9f0 20f9 aeeb e4e4 e289 72d7 a98f 260a f21f 0d22 cfb0 e8c2 90de 8a3a 430a efe6;AC Typ 2 Steckdose;22;;47bb 21c3 1bc5 3721 8833 1795 0915 84cf 7670 a1b4 e763 e9de 8815 eb57 7aca 2465 e3a0 e04b 9119 90c3 d0c5 00b6 4c67 ab9e;;;;;;;;;;;;;;;;
1103995;Ambulantes Pflegeteam Licht GmbH;;In Betrieb;Normalladeeinrichtung;1;11;01.01.2022;Friedhofsstr.;15;;56244;Weidenhahn;Landkreis Westerwaldkreis;Rheinland-Pfalz;50,542699;7,832318;;;Kostenlos;Keine Angabe;;;AC Typ 2 Fahrzeugkupplung;11;;;;;;;;;;;;;;;;;;;;;;
1102764;Lidl Dienstleistung GmbH & Co. KG;Lidl;In Betrieb;Schnellladeeinrichtung;3;71;12.11.2024;Rieffstr.;7 a;;66663;Merzig;Landkreis Merzig-Wadern;Saarland;49,437581;6,632407;6845_Lidl_Merzig_LS1_T65-IT1-0523-263;Keine Beschränkung;"Kreditkarte (NFC);Debitkarte (NFC);Onlinezahlungsverfahren;RFID-Karte;Sonstige";Keine Angabe;;;DC Fahrzeugkupplung Typ Combo 2 (CCS);60;;MFkwEwYHKoZIzj0CAQYIKoZIzj0DAQcDQgAEQhAQkkryPq+0ZxJpH+n9o+seForiH1XKfoMoWMlfaff6FsJ4c9ZZHj4rRASJV3a+6U7754a/yV8yE5OImli6tg==;AC Typ 2 Steckdose;11;;MoTegSDU5u8O2Qq1h7XOx9zMjTOPWC6ZUBSGyo2WrHNl0Woq/ljYRyoyXoYrYAtB;DC Fahrzeugkupplung Typ Combo 2 (CCS);60;;"MFkwEwYHKoZIzj0CAQYIKoZIzj0DAQcDQgAE0dM7c8rRVaKEMptu9vtqqk8pj3+jrPQjZ11SGA1r1OtqpJgVo+wM8nTKkI1KshfYp7d2ezjLmDmYILY59pTHLg==
";;;;;;;;;;;;
1093506;Stadtwerke Merzig GmbH;;In Betrieb;Normalladeeinrichtung;2;44;20.07.2020;Saarwiesenring;3;;66663;Merzig;Landkreis Merzig-Wadern;Saarland;49,441629;6,626519;;;;Keine Angabe;;;AC Typ 2 Steckdose;22;;B9E3410C205BAD498F876D3406CD8CC88858CE67CB6DFF90FC9A02ACD25FFEA9B18DFAA42B6129F1DC45BBA15F8A7D1E;AC Typ 2 Steckdose;22;;A2D2A38A69B294B6A56D0638BF7930BD26B44BAFC3549B6080FF2D42EFE403D172DE5D14C5CBA52F21AD8701D69BF579;;;;;;;;;;;;;;;;
1056134;eins energie in sachsen GmbH & Co. KG;eins energie in sachsen GmbH & Co. KG;In Betrieb;Normalladeeinrichtung;1;22;01.03.2015;Am Rathaus;1;;09111;Chemnitz;Kreisfreie Stadt Chemnitz;Sachsen;50,831822;12,92141;;;;Keine Angabe;;;"AC Typ 2 Steckdose; AC Schuko";"22; 22";;5ded b581 b298 1e6e 97ef 266f b7d7 de66 c291 6216 f722 397c e02a e5db 7fc9 c828 c1c1 c983 28f5 4c04 1e50 129b 63b7 a8b4;;;;;;;;;;;;;;;;;;;;
1056182;eins energie in sachsen GmbH & Co. KG;eins energie in sachsen GmbH & Co. KG;In Betrieb;Schnellladeeinrichtung;1;75;22.04.2021;Am Walkgraben;13;;09111;Chemnitz;Kreisfreie Stadt Chemnitz;Sachsen;50,827711;12,9132;;;;Keine Angabe;;;"DC Fahrzeugkupplung Typ Combo 2 (CCS); DC CHAdeMO";"75; 75";;;;;;;;;;;;;;;;;;;;;;
1056148;eins energie in sachsen GmbH & Co. KG;eins energie in sachsen GmbH & Co. KG;In Betrieb;Normalladeeinrichtung;2;44;18.01.2018;Further Str.;41;;09113;Chemnitz;Kreisfreie Stadt Chemnitz;Sachsen;50,849406;12,926375;;;;Keine Angabe;;;AC Typ 2 Steckdose;22;;868b 26be 8673 8b05 4161 f532 d2b9 358c 4cb4 50ff 3056 cdf4 1f19 36a3 d4ad 17db 14fb de68 02db e524 a806 2464 8359 977c;AC Typ 2 Steckdose;22;;73ae 6704 abc5 6373 ed47 937d 6072 1e17 ad3b c9fb 77f0 7a55 46c2 3180 3842 acc2 d12f 2f78 d65e de2b 35bd 3098 8a1e 7796;;;;;;;;;;;;;;;;
1050487;Pfalzwerke AG;Pfalzwerke AG;In Betrieb;Schnellladeeinrichtung;2;150;27.04.2022;Dübener Landstraße;7;;04129;Leipzig;Kreisfreie Stadt Leipzig;Sachsen;51,381346;12,387063;;;"Onlinezahlungsverfahren;RFID-Karte;Sonstige";Keine Angabe;;;DC Fahrzeugkupplung Typ Combo 2 (CCS);150;;;DC Fahrzeugkupplung Typ Combo 2 (CCS);150;;;;;;;;;;;;;;;;;;
1135208;TotalEnergies Charging Solutions Deutschland GmbH;TotalEnergies Charging Solutions;In Betrieb;Schnellladeeinrichtung;2;400;26.05.2025;Blumenauer Str.;9;;09526;Olbernhau;Landkreis Erzgebirgskreis;Sachsen;50,66204;13,33013;;Keine Beschränkung;"Kreditkarte (Lesegerät);Onlinezahlungsverfahren;RFID-Karte";247;"Montag; Dienstag; Mittwoch; Donnerstag; Freitag; Samstag; Sonntag";"00:00-23:59; 00:00-23:59; 00:00-23:59; 00:00-23:59; 00:00-23:59; 00:00-23:59; 00:00-23:59";DC Fahrzeugkupplung Typ Combo 2 (CCS);200;DE*TCB*E3D9CS50058*002*1;3056301006072A8648CE3D020106052B8104000A03420004AFE9B865223629D69A06BA3EA4E20FD8643CEB26D90ADBCCC70B235A5661AC7C7F17179A227188ECC9AC2A92B2F5239139CED19BC1F9F0624F667C65E05AE715 ;DC Fahrzeugkupplung Typ Combo 2 (CCS);200;DE*TCB*E3D9CS50058*002*2;	3056301006072A8648CE3D020106052B8104000A03420004F3BFAFECD90FA410848541C888DC322E12F0DA4869083CFFD73FAD5DA3A5E6F7EB6CCBF2E3FFEFBD09FB0898CC9D43474E1F3A01A525F13C2AF63EB08DF506EB ;;;;;;;;;;;;;;;;
1127788;Stadtwerke Pirna GmbH;Stadtwerke Pirna GmbH;In Betrieb;Normalladeeinrichtung;2;22;04.06.2025;Franz-Schubert-Str.;101;Parkplatz Kreuzung Rottwerndorfer Straße;01796;Pirna;Landkreis Sächsische Schweiz-Osterzgebirge;Sachsen;50,93393;13,94813;Franz-Schubert-Straße;Keine Beschränkung;"Onlinezahlungsverfahren;RFID-Karte";247;"Montag; Dienstag; Mittwoch; Donnerstag; Freitag; Samstag; Sonntag";"00:00-23:59; 00:00-23:59; 00:00-23:59; 00:00-23:59; 00:00-23:59; 00:00-23:59; 00:00-23:59";AC Typ 2 Steckdose;11;DE*LSP*E01796*050;;AC Typ 2 Steckdose;11;DE*LSP*E01796*051;;;;;;;;;;;;;;;;;
1063561;ORLEN Deutschland GmbH;;In Betrieb;Schnellladeeinrichtung;2;300;10.04.2024;Helmut-Kohl-Straße;82;;06842;Dessau;Kreisfreie Stadt Dessau-Roßlau;Sachsen-Anhalt;51,81223;12,24472;;;"Onlinezahlungsverfahren;RFID-Karte;Plug & Charge";Keine Angabe;;;DC Fahrzeugkupplung Typ Combo 2 (CCS);300;;;DC Fahrzeugkupplung Typ Combo 2 (CCS);300;;;;;;;;;;;;;;;;;;
1060350;DVV Dessauer Versorgungs- und Verkehrsgesellschaft mbH;DVV Dessau;In Betrieb;Normalladeeinrichtung;2;44;16.10.2023;Am Rondel;0;;06842;Dessau-Roßlau;Kreisfreie Stadt Dessau-Roßlau;Sachsen-Anhalt;51,82641;12,24356;;;"Onlinezahlungsverfahren;RFID-Karte";Keine Angabe;;;AC Typ 2 Steckdose;22;;;AC Typ 2 Steckdose;22;;;;;;;;;;;;;;;;;;
1148085;Vattenfall Smarter Living GmbH;;In Betrieb;Schnellladeeinrichtung;2;180;08.12.2025;Große Diesdorfer Str.;183;;39110;Magdeburg;Kreisfreie Stadt Magdeburg;Sachsen-Anhalt;52,128738;11,598395;;Keine Beschränkung;"Kreditkarte (Lesegerät);Kreditkarte (NFC);Debitkarte (Lesegerät);Debitkarte (NFC);Onlinezahlungsverfahren;RFID-Karte;Sonstige";247;"Montag; Dienstag; Mittwoch; Donnerstag; Freitag; Samstag; Sonntag";"00:00-23:59; 00:00-23:59; 00:00-23:59; 00:00-23:59; 00:00-23:59; 00:00-23:59; 00:00-23:59";DC Fahrzeugkupplung Typ Combo 2 (CCS);180;;;DC Fahrzeugkupplung Typ Combo 2 (CCS);180;;;;;;;;;;;;;;;;;;
1091590;Stadtwerke Lutherstadt Eisleben GmbH;;In Betrieb;Normalladeeinrichtung;2;22;17.08.2023;Chausseestraße;1;;06308;Benndorf;Landkreis Mansfeld-Südharz;Sachsen-Anhalt;51,571283;11,488966;;;"Onlinezahlungsverfahren;RFID-Karte";Keine Angabe;;;AC Typ 2 Steckdose;22;;9297 2a83 12c5 288e ed83 2919 7e89 02d6 fb1b 7bd7 1381 b124 e44d b47a 3682 1fb8 0993 d2d9 88ab 0286 cdb5 b24c 68ac d5d5;AC Typ 2 Steckdose;22;;fce6 fa1c 0038 c45d 1f6a a35e b996 0387 fa27 bccc a3ec 9ae4 c57d 03db ff5e 2f47 fd13 4fa8 abf7 35a6 9810 72b5 bc8a 156a;;;;;;;;;;;;;;;;
1026358;EnBW mobility+ AG und Co.KG ;;In Betrieb;Schnellladeeinrichtung;2;150;10.03.2021;Emil-von-Behring-Str.;3;;22541;Brunsbüttel;Kreis Dithmarschen;Schleswig-Holstein;53,90075;9,12262;;;"Onlinezahlungsverfahren;RFID-Karte";Keine Angabe;;;DC Fahrzeugkupplung Typ Combo 2 (CCS);150;;;DC Fahrzeugkupplung Typ Combo 2 (CCS);150;;;;;;;;;;;;;;;;;;
1046723;Stadtwerke Steinburg GmbH;;In Betrieb;Normalladeeinrichtung;2;44;23.08.2018;Gustav Meyer Platz;0;Vor dem Tourismus Büro Brunsbüttel;25541;Brunsbüttel;Kreis Dithmarschen;Schleswig-Holstein;53,908717;9,138646;;;;Keine Angabe;;;AC Typ 2 Steckdose;22;;;AC Typ 2 Steckdose;22;;;;;;;;;;;;;;;;;;
1104685;Stadtwerke Husum GmbH;;In Betrieb;Normalladeeinrichtung;2;22;22.01.2024;Am Binnenhafen;1;;25813;Husum;Kreis Nordfriesland;Schleswig-Holstein;54,47458;9,05032;;Nur für Kunden/Besucher;"RFID-Karte;Onlinezahlungsverfahren";Keine Angabe;;;AC Typ 2 Steckdose;22;;;AC Typ 2 Steckdose;22;;;;;;;;;;;;;;;;;;
1120790;Stadtwerke Südholstein GmbH;;In Betrieb;Normalladeeinrichtung;2;44;05.11.2024;Clara-Bartram-Weg;16;;25421;Pinneberg;Kreis Pinneberg;Schleswig-Holstein;53,66386;9,80026;;Keine Beschränkung;"RFID-Karte;Onlinezahlungsverfahren";247;"Montag; Dienstag; Mittwoch; Donnerstag; Freitag; Samstag; Sonntag";"00:00-23:59; 00:00-23:59; 00:00-23:59; 00:00-23:59; 00:00-23:59; 00:00-23:59; 00:00-23:59";AC Typ 2 Steckdose;22;DE PINE001101;;AC Typ 2 Steckdose;22;DE PINE001102;;;;;;;;;;;;;;;;;
1041427;team energie GmbH & Co. KG;team energie;In Betrieb;Schnellladeeinrichtung;2;300;30.06.2023;Scandinavian Park;1;;24983;Handewitt;Kreis Schleswig-Flensburg;Schleswig-Holstein;54,778139;9,336032;;;"Onlinezahlungsverfahren;RFID-Karte";Keine Angabe;;;DC Fahrzeugkupplung Typ Combo 2 (CCS);150;;;DC Fahrzeugkupplung Typ Combo 2 (CCS);150;;;;;;;;;;;;;;;;;;
1147181;Stadtwerke Lübeck Energie GmbH;Stadtwerke Lübeck Energie GmbH;In Betrieb;Normalladeeinrichtung;2;22;17.07.2025;Arnold-Heller-Str.;8;;24105;Kiel;Kreisfreie Stadt Kiel;Schleswig-Holstein;54,329834;10,140602;UKSH Kiel - Arnold-Heller-Straße;Nur für Kunden/Besucher;"Debitkarte (NFC);Onlinezahlungsverfahren;RFID-Karte";247;"Montag; Dienstag; Mittwoch; Donnerstag; Freitag; Samstag; Sonntag";"00:00-23:59; 00:00-23:59; 00:00-23:59; 00:00-23:59; 00:00-23:59; 00:00-23:59; 00:00-23:59";AC Typ 2 Steckdose;22;DE*451*EUKSH028*01;AKJHZZTBSQKT735REBYI2BCBOUM2XXZ2YFRV7HWH;AC Typ 2 Steckdose;22;DE*451*EUKSH028*02;AIK5U3NLFMTY7QQ45WM56PR3OMQR6CEUXSG2XINQ;;;;;;;;;;;;;;;;
1060090;SWE Energie GmbH;;In Betrieb;Normalladeeinrichtung;2;44;21.09.2017;Eichenstraße;0;Caravan-Parkplatz;99084;Erfurt;Kreisfreie Stadt Erfurt;Thüringen;50,973809;11,0275;;;;Keine Angabe;;;AC Typ 2 Steckdose;22;;;AC Typ 2 Steckdose;22;;;;;;;;;;;;;;;;;;
1103598;SWE Energie GmbH;;In Betrieb;Schnellladeeinrichtung;2;99;11.12.2024;Bechtheimer Str.;1;;99084;Erfurt;Kreisfreie Stadt Erfurt;Thüringen;50,977364;11,022339;Bechtheimer Straße;Keine Beschränkung;"Kreditkarte (Lesegerät);Onlinezahlungsverfahren;RFID-Karte";247;"Montag; Dienstag; Mittwoch; Donnerstag; Freitag; Samstag; Sonntag";"00:00-23:59; 00:00-23:59; 00:00-23:59; 00:00-23:59; 00:00-23:59; 00:00-23:59; 00:00-23:59";DC Fahrzeugkupplung Typ Combo 2 (CCS);99;DESWEE004301;;DC Fahrzeugkupplung Typ Combo 2 (CCS);99;DESWEE004302;;;;;;;;;;;;;;;;;
1103264;SWE Energie GmbH;;In Betrieb;Normalladeeinrichtung;2;22;03.12.2024;Heckenrosenweg;15;;99097;Erfurt;Kreisfreie Stadt Erfurt;Thüringen;50,951454;11,06129;Heckenrosenweg;Keine Beschränkung;"RFID-Karte;Onlinezahlungsverfahren";247;"Montag; Dienstag; Mittwoch; Donnerstag; Freitag; Samstag; Sonntag";"00:00-23:59; 00:00-23:59; 00:00-23:59; 00:00-23:59; 00:00-23:59; 00:00-23:59; 00:00-23:59";AC Typ 2 Steckdose;22;"DESWEE004801
";;AC Typ 2 Steckdose;22;DESWEE004802;;;;;;;;;;;;;;;;;
1039680;IONITY GmbH;;In Betrieb;Schnellladeeinrichtung;1;350;31.05.2019;Thüringer Wald Süd;0;;98716;Geraberg;Landkreis Ilm-Kreis;Thüringen;50,724708;10,847168;;;;Keine Angabe;;;DC Fahrzeugkupplung Typ Combo 2 (CCS);350;;;;;;;;;;;;;;;;;;;;;;
1121615;TEAG Mobil GmbH;;In Betrieb;Schnellladeeinrichtung;2;50;09.04.2025;Rudolstädter Str.;31A;;99444;Blankenhain;Landkreis Weimarer Land;Thüringen;50,855006;11,342729;Blankenhain - ALDI;Keine Beschränkung;"Onlinezahlungsverfahren;RFID-Karte;Kreditkarte (Lesegerät);Kreditkarte (NFC);Debitkarte (Lesegerät);Debitkarte (NFC)";247;"Montag; Dienstag; Mittwoch; Donnerstag; Freitag; Samstag; Sonntag";"00:00-23:59; 00:00-23:59; 00:00-23:59; 00:00-23:59; 00:00-23:59; 00:00-23:59; 00:00-23:59";DC Fahrzeugkupplung Typ Combo 2 (CCS);50;"DE*TMO*E11*315*001
";;DC Fahrzeugkupplung Typ Combo 2 (CCS);50;"DE*TMO*E11*315*002 
";;;;;;;;;;;;;;;;;
